targetId,gene_symbol,hasSafetyEvent,maxClinicalTrialPhase,true_label,safety_score_oof,safety_label
ENSG00000157764,BRAF,-1.0,1.0,1,0.8184588551521301,positive
ENSG00000135679,MDM2,,0.75,0,0.8143720030784607,drugged_safe
ENSG00000121879,PIK3CA,-1.0,1.0,1,0.8084471225738525,positive
ENSG00000066468,FGFR2,,1.0,0,0.7989484667778015,drugged_safe
ENSG00000091831,ESR1,-1.0,1.0,1,0.796392560005188,positive
ENSG00000134853,PDGFRA,,1.0,0,0.7936904430389404,drugged_safe
ENSG00000148400,NOTCH1,,0.5,0,0.7891808152198792,drugged_safe
ENSG00000120156,,-1.0,1.0,1,0.7832706570625305,positive
ENSG00000123374,,-1.0,0.75,1,0.7821457386016846,positive
ENSG00000112715,VEGFA,-1.0,1.0,1,0.7794831395149231,positive
ENSG00000157404,KIT,-1.0,1.0,1,0.7756812572479248,positive
ENSG00000113580,,-1.0,1.0,1,0.7697960138320923,positive
ENSG00000100985,,-1.0,0.75,1,0.7564964890480042,positive
ENSG00000137462,,,0.5,0,0.7524551153182983,drugged_safe
ENSG00000140443,IGF1R,-1.0,1.0,1,0.7508704662322998,positive
ENSG00000196689,,-1.0,1.0,1,0.7463499903678894,positive
ENSG00000171094,ALK,,1.0,0,0.7457699179649353,drugged_safe
ENSG00000111424,,-1.0,1.0,1,0.7454143166542053,positive
ENSG00000197122,SRC,-1.0,1.0,1,0.7430031299591064,positive
ENSG00000113448,,-1.0,1.0,1,0.7417765855789185,positive
ENSG00000232810,TNF,-1.0,1.0,1,0.7413227558135986,positive
ENSG00000117525,,-1.0,1.0,1,0.7399531602859497,positive
ENSG00000080815,,,1.0,0,0.7381553053855896,drugged_safe
ENSG00000132170,,-1.0,1.0,1,0.7377490401268005,positive
ENSG00000141510,TP53,-1.0,0.75,1,0.7341215014457703,positive
ENSG00000122025,,-1.0,1.0,1,0.7318199276924133,positive
ENSG00000136160,,-1.0,1.0,1,0.7305605411529541,positive
ENSG00000131747,TOP2A,-1.0,1.0,1,0.7270489931106567,positive
ENSG00000254087,,-1.0,1.0,1,0.7265064120292664,positive
ENSG00000044524,,,1.0,0,0.723710834980011,drugged_safe
ENSG00000125384,,-1.0,1.0,1,0.7178106307983398,positive
ENSG00000126895,,,1.0,0,0.7176152467727661,drugged_safe
ENSG00000170820,,,1.0,0,0.7175564765930176,drugged_safe
ENSG00000076555,,,0.75,0,0.7156473994255066,drugged_safe
ENSG00000127329,,-1.0,0.5,1,0.7142607569694519,positive
ENSG00000160801,,,1.0,0,0.7135291695594788,drugged_safe
ENSG00000104783,,-1.0,1.0,1,0.713524341583252,positive
ENSG00000136531,,,1.0,0,0.7125941514968872,drugged_safe
ENSG00000108576,,-1.0,1.0,1,0.7079326510429382,positive
ENSG00000055118,,-1.0,1.0,1,0.7060706615447998,positive
ENSG00000171791,BCL2,-1.0,1.0,1,0.7054165005683899,positive
ENSG00000151090,,,1.0,0,0.7049868702888489,drugged_safe
ENSG00000151617,,-1.0,1.0,1,0.7049214839935303,positive
ENSG00000053918,,-1.0,1.0,1,0.7046633958816528,positive
ENSG00000106633,,,0.75,0,0.7026649117469788,drugged_safe
ENSG00000069431,,-1.0,1.0,1,0.7010996341705322,positive
ENSG00000149295,,-1.0,1.0,1,0.6998648643493652,positive
ENSG00000037280,,-1.0,1.0,1,0.6998234987258911,positive
ENSG00000141837,,,1.0,0,0.6992707252502441,drugged_safe
ENSG00000273079,,-1.0,1.0,1,0.6971050500869751,positive
ENSG00000106546,,-1.0,1.0,1,0.697094202041626,positive
ENSG00000148408,,,1.0,0,0.6966767311096191,drugged_safe
ENSG00000126351,,-1.0,1.0,1,0.6960511207580566,positive
ENSG00000144891,,-1.0,1.0,1,0.6959064602851868,positive
ENSG00000103546,,-1.0,1.0,1,0.6935794353485107,positive
ENSG00000111199,,,1.0,0,0.6929928660392761,drugged_safe
ENSG00000180914,,,1.0,0,0.691897988319397,drugged_safe
ENSG00000148053,,-1.0,1.0,1,0.690069854259491,positive
ENSG00000007952,,,0.5,0,0.6891125440597534,drugged_safe
ENSG00000007171,,-1.0,0.75,1,0.688894510269165,positive
ENSG00000025434,,-1.0,0.5,1,0.6849266886711121,positive
ENSG00000196591,,,1.0,0,0.6842966079711914,drugged_safe
ENSG00000196517,,,0.75,0,0.6840522289276123,drugged_safe
ENSG00000164305,CASP3,-1.0,0.5,1,0.6832283735275269,positive
ENSG00000133019,,-1.0,1.0,1,0.6831556558609009,positive
ENSG00000064989,,-1.0,1.0,1,0.6825509071350098,positive
ENSG00000121853,,-1.0,1.0,1,0.6824489831924438,positive
ENSG00000162733,,,1.0,0,0.682050883769989,drugged_safe
ENSG00000154678,,,1.0,0,0.6814432144165039,drugged_safe
ENSG00000135914,,-1.0,1.0,1,0.6813739538192749,positive
ENSG00000105221,,-1.0,1.0,1,0.6779648661613464,positive
ENSG00000121807,,,0.75,0,0.6772623658180237,drugged_safe
ENSG00000082556,,-1.0,1.0,1,0.6760151982307434,positive
ENSG00000153253,,,1.0,0,0.6738304495811462,drugged_safe
ENSG00000282608,,-1.0,1.0,1,0.6730977296829224,positive
ENSG00000128271,,-1.0,1.0,1,0.6678323149681091,positive
ENSG00000124089,,,0.5,0,0.666765570640564,drugged_safe
ENSG00000109339,,,0.75,0,0.6666243672370911,drugged_safe
ENSG00000178394,,-1.0,1.0,1,0.6659373641014099,positive
ENSG00000166603,,-1.0,1.0,1,0.6649218797683716,positive
ENSG00000181104,,,1.0,0,0.6606607437133789,drugged_safe
ENSG00000163823,,,0.5,0,0.6605947017669678,drugged_safe
ENSG00000165646,,-1.0,1.0,1,0.6605210304260254,positive
ENSG00000002726,,,1.0,0,0.6601238250732422,drugged_safe
ENSG00000181072,,-1.0,1.0,1,0.660040020942688,positive
ENSG00000118194,,,0.75,0,0.6596243977546692,drugged_safe
ENSG00000181019,,-1.0,0.75,1,0.6585638523101807,positive
ENSG00000204174,,,0.5,0,0.6584822535514832,drugged_safe
ENSG00000151577,,-1.0,1.0,1,0.6575286984443665,positive
ENSG00000075043,,,1.0,0,0.6574560403823853,drugged_safe
ENSG00000175054,,,0.75,0,0.6571518778800964,drugged_safe
ENSG00000136869,,-1.0,0.75,1,0.6561724543571472,positive
ENSG00000127472,,,0.75,0,0.6558451056480408,drugged_safe
ENSG00000151694,,,0.5,0,0.6538087129592896,drugged_safe
ENSG00000064012,,-1.0,0.5,1,0.6537575125694275,positive
ENSG00000198793,MTOR,-1.0,1.0,1,0.6530776023864746,positive
ENSG00000267534,,,1.0,0,0.652255654335022,drugged_safe
ENSG00000134352,,,1.0,0,0.6487388014793396,drugged_safe
ENSG00000139219,,,1.0,0,0.6476132273674011,drugged_safe
ENSG00000174775,,,0.5,0,0.647331178188324,drugged_safe
ENSG00000175868,,,1.0,0,0.6465056538581848,drugged_safe
ENSG00000105851,,-1.0,1.0,1,0.6460494995117188,positive
ENSG00000157227,,,0.5,0,0.6451952457427979,drugged_safe
ENSG00000226979,,-1.0,0.5,1,0.6449863314628601,positive
ENSG00000105409,,-1.0,1.0,1,0.6443235278129578,positive
ENSG00000138395,,,0.5,0,0.6441501975059509,drugged_safe
ENSG00000166148,,-1.0,1.0,1,0.6438663601875305,positive
ENSG00000069535,,-1.0,1.0,1,0.6436764001846313,positive
ENSG00000198121,,,0.5,0,0.643607497215271,drugged_safe
ENSG00000105976,MET,-1.0,1.0,1,0.6424580216407776,positive
ENSG00000050628,,-1.0,1.0,1,0.641837477684021,positive
ENSG00000163399,,-1.0,1.0,1,0.6414762735366821,positive
ENSG00000132906,,,0.5,0,0.641147255897522,drugged_safe
ENSG00000176387,,,0.5,0,0.6407420635223389,drugged_safe
ENSG00000065883,,,0.5,0,0.6405187845230103,drugged_safe
ENSG00000168398,,-1.0,1.0,1,0.6397867798805237,positive
ENSG00000258839,,,1.0,0,0.6389468312263489,drugged_safe
ENSG00000157540,,-1.0,0.75,1,0.6388253569602966,positive
ENSG00000168229,,,1.0,0,0.6386134624481201,drugged_safe
ENSG00000170989,,,1.0,0,0.6377213597297668,drugged_safe
ENSG00000108839,,-1.0,1.0,1,0.6376989483833313,positive
ENSG00000066056,,,0.25,0,0.6375442147254944,drugged_safe
ENSG00000147246,,-1.0,1.0,1,0.6370198726654053,positive
ENSG00000010810,,-1.0,1.0,1,0.6358786821365356,positive
ENSG00000183765,,,0.5,0,0.6358492374420166,drugged_safe
ENSG00000082701,,-1.0,1.0,1,0.6357351541519165,positive
ENSG00000099250,,,0.5,0,0.635725200176239,drugged_safe
ENSG00000183134,,,1.0,0,0.6345117092132568,drugged_safe
ENSG00000065361,ERBB3,,1.0,0,0.6326839327812195,drugged_safe
ENSG00000128052,KDR,-1.0,1.0,1,0.6309444904327393,positive
ENSG00000129991,,,0.75,0,0.6306747198104858,drugged_safe
ENSG00000183454,,-1.0,1.0,1,0.6305184960365295,positive
ENSG00000113749,,-1.0,1.0,1,0.6298989057540894,positive
ENSG00000138696,,,1.0,0,0.6274855136871338,drugged_safe
ENSG00000100739,,,0.5,0,0.6267581582069397,drugged_safe
ENSG00000164078,,,1.0,0,0.6260887980461121,drugged_safe
ENSG00000133703,KRAS,,1.0,0,0.625754177570343,drugged_safe
ENSG00000102010,,,1.0,0,0.6244591474533081,drugged_safe
ENSG00000129167,,,1.0,0,0.6243242621421814,drugged_safe
ENSG00000102468,,-1.0,1.0,1,0.6236501932144165,positive
ENSG00000162409,,-1.0,0.75,1,0.6229089498519897,positive
ENSG00000113327,,-1.0,1.0,1,0.622124195098877,positive
ENSG00000154928,,,1.0,0,0.6215906739234924,drugged_safe
ENSG00000116711,,-1.0,0.5,1,0.6206357479095459,positive
ENSG00000196639,,-1.0,1.0,1,0.6201311945915222,positive
ENSG00000150093,,,1.0,0,0.619998037815094,drugged_safe
ENSG00000105397,,,1.0,0,0.6195268630981445,drugged_safe
ENSG00000101076,,-1.0,0.5,1,0.6188079118728638,positive
ENSG00000131759,,-1.0,1.0,1,0.6184425354003906,positive
ENSG00000116032,,-1.0,1.0,1,0.6180991530418396,positive
ENSG00000112115,,,1.0,0,0.6169554591178894,drugged_safe
ENSG00000184984,,-1.0,1.0,1,0.6168414354324341,positive
ENSG00000130037,,,1.0,0,0.6165573596954346,drugged_safe
ENSG00000100170,,,1.0,0,0.6162921786308289,drugged_safe
ENSG00000100346,,,1.0,0,0.6161114573478699,drugged_safe
ENSG00000164418,,,1.0,0,0.6142145991325378,drugged_safe
ENSG00000113161,,-1.0,1.0,1,0.6130854487419128,positive
ENSG00000165025,,-1.0,1.0,1,0.6120064854621887,positive
ENSG00000122861,,-1.0,1.0,1,0.6118614673614502,positive
ENSG00000156113,,-1.0,0.75,1,0.6117455363273621,positive
ENSG00000186350,,-1.0,1.0,1,0.6107094883918762,positive
ENSG00000169418,,,1.0,0,0.6105430126190186,drugged_safe
ENSG00000163394,,-1.0,1.0,1,0.6098602414131165,positive
ENSG00000181163,,,1.0,0,0.6091873049736023,drugged_safe
ENSG00000105835,,,0.5,0,0.6091397404670715,drugged_safe
ENSG00000171522,,,1.0,0,0.6085121631622314,drugged_safe
ENSG00000073756,,-1.0,1.0,1,0.6085121631622314,positive
ENSG00000115594,,,1.0,0,0.607877254486084,drugged_safe
ENSG00000132915,,,1.0,0,0.6077365279197693,drugged_safe
ENSG00000169427,,,1.0,0,0.6074188351631165,drugged_safe
ENSG00000204256,,,0.75,0,0.6060303449630737,drugged_safe
ENSG00000087586,,-1.0,0.75,1,0.605034351348877,positive
ENSG00000126262,,,0.5,0,0.6047422289848328,drugged_safe
ENSG00000180210,,-1.0,1.0,1,0.6047288775444031,positive
ENSG00000179295,,-1.0,0.5,1,0.604726254940033,positive
ENSG00000140009,,-1.0,1.0,1,0.6046589016914368,positive
ENSG00000087085,,-1.0,1.0,1,0.6046589016914368,positive
ENSG00000196811,,,1.0,0,0.6039721369743347,drugged_safe
ENSG00000174437,,,0.5,0,0.6037032604217529,drugged_safe
ENSG00000197635,,,1.0,0,0.6032343506813049,drugged_safe
ENSG00000096968,JAK2,-1.0,1.0,1,0.6025124192237854,positive
ENSG00000106799,,,0.5,0,0.6020163893699646,drugged_safe
ENSG00000169174,,,1.0,0,0.6017497181892395,drugged_safe
ENSG00000012504,,-1.0,1.0,1,0.600740909576416,positive
ENSG00000160013,,-1.0,1.0,1,0.6002336144447327,positive
ENSG00000112033,,-1.0,1.0,1,0.6002289056777954,positive
ENSG00000140992,,-1.0,0.5,1,0.6002289056777954,positive
ENSG00000143799,,,1.0,0,0.6002289056777954,drugged_safe
ENSG00000067900,,-1.0,1.0,1,0.6002289056777954,positive
ENSG00000106366,,-1.0,0.5,1,0.6001116037368774,positive
ENSG00000117020,,-1.0,1.0,1,0.5999895930290222,positive
ENSG00000138622,,,1.0,0,0.5997730493545532,drugged_safe
ENSG00000182578,,-1.0,1.0,1,0.599698007106781,positive
ENSG00000110195,,,1.0,0,0.5993945598602295,drugged_safe
ENSG00000162889,,-1.0,0.25,1,0.5993934869766235,positive
ENSG00000205220,,,1.0,0,0.5988941192626953,drugged_safe
ENSG00000143627,,,1.0,0,0.5987212657928467,drugged_safe
ENSG00000165731,RET,,1.0,0,0.5986624360084534,drugged_safe
ENSG00000172819,,-1.0,1.0,1,0.5986548662185669,positive
ENSG00000118432,,-1.0,1.0,1,0.5984430909156799,positive
ENSG00000100030,MAPK1,-1.0,0.5,1,0.598427414894104,positive
ENSG00000149968,,-1.0,0.75,1,0.5978736877441406,positive
ENSG00000131620,,,1.0,0,0.5975956320762634,drugged_safe
ENSG00000196557,,,1.0,0,0.597212016582489,drugged_safe
ENSG00000095303,,-1.0,1.0,1,0.597212016582489,positive
ENSG00000116016,,-1.0,1.0,1,0.5966984629631042,positive
ENSG00000169398,,-1.0,0.75,1,0.595323920249939,positive
ENSG00000151067,,-1.0,1.0,1,0.5947586297988892,positive
ENSG00000134333,,,1.0,0,0.594620943069458,drugged_safe
ENSG00000135766,,,1.0,0,0.5945377945899963,drugged_safe
ENSG00000215644,,,1.0,0,0.5945377945899963,drugged_safe
ENSG00000104365,,-1.0,0.75,1,0.5941916108131409,positive
ENSG00000051382,,,0.75,0,0.5941916108131409,drugged_safe
ENSG00000141867,,-1.0,0.75,1,0.5941916108131409,positive
ENSG00000088053,,,0.5,0,0.5941596627235413,drugged_safe
ENSG00000112759,,-1.0,1.0,1,0.5940651297569275,positive
ENSG00000167207,,,1.0,0,0.5937830209732056,drugged_safe
ENSG00000204231,,-1.0,1.0,1,0.5935388803482056,positive
ENSG00000108556,,,1.0,0,0.5935105681419373,drugged_safe
ENSG00000000938,,,1.0,0,0.5932608246803284,drugged_safe
ENSG00000022355,,-1.0,1.0,1,0.593169093132019,positive
ENSG00000180871,,,0.75,0,0.593169093132019,drugged_safe
ENSG00000186868,MAPT,,0.5,0,0.5930344462394714,drugged_safe
ENSG00000198400,,-1.0,1.0,1,0.5926867723464966,positive
ENSG00000142627,,-1.0,1.0,1,0.5926424264907837,positive
ENSG00000115020,,,0.5,0,0.5926207900047302,drugged_safe
ENSG00000118298,,,1.0,0,0.5923985838890076,drugged_safe
ENSG00000106462,,,1.0,0,0.5923274159431458,drugged_safe
ENSG00000167780,,,0.5,0,0.5918022394180298,drugged_safe
ENSG00000136960,,,0.75,0,0.5914545655250549,drugged_safe
ENSG00000141736,ERBB2,-1.0,1.0,1,0.5912871360778809,positive
ENSG00000077498,,,1.0,0,0.590805172920227,drugged_safe
ENSG00000166851,,-1.0,0.75,1,0.5899618268013,positive
ENSG00000171873,,,1.0,0,0.5895771980285645,drugged_safe
ENSG00000115170,,,1.0,0,0.5895413756370544,drugged_safe
ENSG00000136928,,,1.0,0,0.5893757343292236,drugged_safe
ENSG00000137757,,-1.0,0.5,1,0.5889643430709839,positive
ENSG00000253729,,,0.5,0,0.5882964134216309,drugged_safe
ENSG00000184304,,,1.0,0,0.5882086157798767,drugged_safe
ENSG00000146070,,,0.75,0,0.5881600379943848,drugged_safe
ENSG00000173083,,,0.75,0,0.5881568193435669,drugged_safe
ENSG00000143171,,,1.0,0,0.5880770683288574,drugged_safe
ENSG00000089250,,,0.75,0,0.5880275964736938,drugged_safe
ENSG00000007402,,,1.0,0,0.5880275964736938,drugged_safe
ENSG00000159640,,-1.0,1.0,1,0.5877731442451477,positive
ENSG00000196839,,,1.0,0,0.5876326560974121,drugged_safe
ENSG00000087245,,-1.0,0.75,1,0.5872164964675903,positive
ENSG00000164171,,,0.5,0,0.5870968699455261,drugged_safe
ENSG00000117601,,-1.0,1.0,1,0.5869250297546387,positive
ENSG00000185149,,-1.0,0.5,1,0.5864114761352539,positive
ENSG00000180720,,-1.0,1.0,1,0.5861529111862183,positive
ENSG00000134318,,-1.0,1.0,1,0.5860626101493835,positive
ENSG00000178568,ERBB4,,1.0,0,0.5858080983161926,drugged_safe
ENSG00000144744,,,0.75,0,0.5854247808456421,drugged_safe
ENSG00000116106,,,1.0,0,0.5854247808456421,drugged_safe
ENSG00000162434,,,1.0,0,0.5851277112960815,drugged_safe
ENSG00000131408,,-1.0,0.5,1,0.5850582122802734,positive
ENSG00000169896,,,0.5,0,0.5850033164024353,drugged_safe
ENSG00000183813,,,1.0,0,0.5846952199935913,drugged_safe
ENSG00000157765,,,0.5,0,0.5845937132835388,drugged_safe
ENSG00000171132,,-1.0,1.0,1,0.5845718383789062,positive
ENSG00000117594,,,0.5,0,0.5840169787406921,drugged_safe
ENSG00000006283,,,1.0,0,0.5834401249885559,drugged_safe
ENSG00000135446,CDK4,,1.0,0,0.5832905173301697,drugged_safe
ENSG00000161509,,-1.0,1.0,1,0.5828773975372314,positive
ENSG00000106617,,-1.0,0.75,1,0.5827924013137817,positive
ENSG00000196664,,,1.0,0,0.5824707746505737,drugged_safe
ENSG00000184584,,,0.5,0,0.5823537111282349,drugged_safe
ENSG00000026508,,,0.5,0,0.5817978382110596,drugged_safe
ENSG00000168959,,,0.5,0,0.5814444422721863,drugged_safe
ENSG00000122194,,,1.0,0,0.5809847116470337,drugged_safe
ENSG00000144285,,-1.0,1.0,1,0.5806084871292114,positive
ENSG00000114200,,-1.0,1.0,1,0.5797387957572937,positive
ENSG00000159131,,,1.0,0,0.5795599222183228,drugged_safe
ENSG00000138435,,-1.0,1.0,1,0.5795392394065857,positive
ENSG00000104267,,,1.0,0,0.5793693661689758,drugged_safe
ENSG00000147099,,,1.0,0,0.579169511795044,drugged_safe
ENSG00000170425,,-1.0,1.0,1,0.5791214108467102,positive
ENSG00000088832,,,1.0,0,0.5780242085456848,drugged_safe
ENSG00000204217,,,1.0,0,0.5778064727783203,drugged_safe
ENSG00000182054,IDH2,,1.0,0,0.5776984691619873,drugged_safe
ENSG00000012124,,,1.0,0,0.5764814615249634,drugged_safe
ENSG00000117400,,,1.0,0,0.5763255953788757,drugged_safe
ENSG00000171608,,,1.0,0,0.5760639905929565,drugged_safe
ENSG00000157388,,,1.0,0,0.5757301449775696,drugged_safe
ENSG00000116044,,-1.0,1.0,1,0.5755845904350281,positive
ENSG00000085563,,-1.0,0.75,1,0.5746241807937622,positive
ENSG00000175344,,,0.75,0,0.5745490193367004,drugged_safe
ENSG00000005381,,,0.75,0,0.5742531418800354,drugged_safe
ENSG00000057593,,,1.0,0,0.5737399458885193,drugged_safe
ENSG00000166862,,,1.0,0,0.5730888843536377,drugged_safe
ENSG00000095464,,,1.0,0,0.5727242827415466,drugged_safe
ENSG00000278540,,-1.0,0.75,1,0.5723931789398193,positive
ENSG00000005844,,,1.0,0,0.5720921158790588,drugged_safe
ENSG00000107643,,,0.5,0,0.5720798969268799,drugged_safe
ENSG00000259207,,,1.0,0,0.5719253420829773,drugged_safe
ENSG00000180616,,,1.0,0,0.5719253420829773,drugged_safe
ENSG00000155511,,,1.0,0,0.5716446042060852,drugged_safe
ENSG00000145888,,,1.0,0,0.5714803338050842,drugged_safe
ENSG00000141279,,,0.5,0,0.5712847113609314,drugged_safe
ENSG00000139287,,,1.0,0,0.5706889629364014,drugged_safe
ENSG00000100823,,,0.5,0,0.5706446766853333,drugged_safe
ENSG00000118271,,-1.0,1.0,1,0.5706022381782532,positive
ENSG00000142408,,,1.0,0,0.5703868865966797,drugged_safe
ENSG00000112038,,-1.0,1.0,1,0.5690999031066895,positive
ENSG00000171631,,,1.0,0,0.5690999031066895,drugged_safe
ENSG00000043591,,-1.0,1.0,1,0.5690999031066895,positive
ENSG00000198001,,-1.0,0.5,1,0.568928062915802,positive
ENSG00000169860,,-1.0,1.0,1,0.568726658821106,positive
ENSG00000164129,,,0.75,0,0.568726658821106,drugged_safe
ENSG00000169836,,-1.0,1.0,1,0.568726658821106,positive
ENSG00000169252,,-1.0,1.0,1,0.5684561133384705,positive
ENSG00000115353,,-1.0,1.0,1,0.5683639049530029,positive
ENSG00000107779,,,1.0,0,0.5682509541511536,drugged_safe
ENSG00000118058,,,1.0,0,0.568142831325531,drugged_safe
ENSG00000187045,,,0.5,0,0.5673415660858154,drugged_safe
ENSG00000186318,,-1.0,0.75,1,0.5667230486869812,positive
ENSG00000036828,,,1.0,0,0.5661879777908325,drugged_safe
ENSG00000186297,,-1.0,1.0,1,0.5657904744148254,positive
ENSG00000178035,,-1.0,1.0,1,0.5657196640968323,positive
ENSG00000134259,,,0.75,0,0.565525472164154,drugged_safe
ENSG00000117013,,,1.0,0,0.5654006600379944,drugged_safe
ENSG00000081248,,-1.0,1.0,1,0.5653854012489319,positive
ENSG00000004468,,-1.0,1.0,1,0.5643690228462219,positive
ENSG00000173039,RELA,-1.0,0.75,1,0.5642125010490417,positive
ENSG00000169032,MAP2K1,,1.0,0,0.5637997388839722,drugged_safe
ENSG00000140379,,,0.75,0,0.5633226037025452,drugged_safe
ENSG00000114739,,,1.0,0,0.5628947019577026,drugged_safe
ENSG00000168036,,-1.0,0.5,1,0.5627371072769165,positive
ENSG00000164342,,-1.0,0.75,1,0.5620617270469666,positive
ENSG00000131203,,-1.0,0.75,1,0.5618410110473633,positive
ENSG00000096717,,-1.0,0.5,1,0.5617296099662781,positive
ENSG00000124491,,,1.0,0,0.5614455938339233,drugged_safe
ENSG00000248144,,-1.0,1.0,1,0.561147928237915,positive
ENSG00000090402,,,1.0,0,0.5594001412391663,drugged_safe
ENSG00000142192,APP,,1.0,0,0.5587906837463379,drugged_safe
ENSG00000176444,,,0.75,0,0.5587802529335022,drugged_safe
ENSG00000134489,,,0.5,0,0.5584703683853149,drugged_safe
ENSG00000123360,,,1.0,0,0.5578394532203674,drugged_safe
ENSG00000185527,,,1.0,0,0.5578213334083557,drugged_safe
ENSG00000111725,,-1.0,0.75,1,0.5576335787773132,positive
ENSG00000132964,,,0.5,0,0.5575854778289795,drugged_safe
ENSG00000164867,,-1.0,0.75,1,0.557422935962677,positive
ENSG00000188257,,,0.75,0,0.5572277307510376,drugged_safe
ENSG00000151834,,-1.0,1.0,1,0.557016134262085,positive
ENSG00000138039,,,1.0,0,0.556971549987793,drugged_safe
ENSG00000163464,,,0.75,0,0.5568719506263733,drugged_safe
ENSG00000132356,,-1.0,0.75,1,0.5565401911735535,positive
ENSG00000152578,,,1.0,0,0.5556597113609314,drugged_safe
ENSG00000103222,,-1.0,0.5,1,0.5556290149688721,positive
ENSG00000102882,MAPK3,-1.0,0.5,1,0.5556170344352722,positive
ENSG00000166501,,-1.0,1.0,1,0.5553514361381531,positive
ENSG00000007314,,,1.0,0,0.5552994012832642,drugged_safe
ENSG00000179546,,,1.0,0,0.5551370978355408,drugged_safe
ENSG00000171552,,,0.75,0,0.5547531843185425,drugged_safe
ENSG00000149554,,,0.5,0,0.5546785593032837,drugged_safe
ENSG00000113441,,,0.5,0,0.5541636943817139,drugged_safe
ENSG00000148680,,-1.0,1.0,1,0.5541636943817139,positive
ENSG00000164270,,-1.0,1.0,1,0.5541636943817139,positive
ENSG00000125510,,-1.0,0.75,1,0.5541636943817139,positive
ENSG00000163485,,-1.0,1.0,1,0.5541636943817139,positive
ENSG00000095596,,,0.5,0,0.5541067123413086,drugged_safe
ENSG00000240065,,,1.0,0,0.5540850758552551,drugged_safe
ENSG00000012779,,,1.0,0,0.5540850758552551,drugged_safe
ENSG00000101188,,-1.0,0.75,1,0.553874135017395,positive
ENSG00000097007,ABL1,-1.0,1.0,1,0.5536458492279053,positive
ENSG00000006432,,,0.75,0,0.5534221529960632,drugged_safe
ENSG00000143387,,,0.75,0,0.5534221529960632,drugged_safe
ENSG00000079999,,,1.0,0,0.5534221529960632,drugged_safe
ENSG00000186642,,,1.0,0,0.5534221529960632,drugged_safe
ENSG00000023445,,,0.5,0,0.5526568293571472,drugged_safe
ENSG00000143384,,,0.75,0,0.5523061752319336,drugged_safe
ENSG00000130368,,,0.5,0,0.552261471748352,drugged_safe
ENSG00000171298,,,1.0,0,0.5518068075180054,drugged_safe
ENSG00000148926,,,0.5,0,0.5514212250709534,drugged_safe
ENSG00000090339,,-1.0,0.75,1,0.5513746738433838,positive
ENSG00000005961,,,1.0,0,0.5513241291046143,drugged_safe
ENSG00000116329,,-1.0,1.0,1,0.5508794188499451,positive
ENSG00000078098,,,0.75,0,0.5508315563201904,drugged_safe
ENSG00000130669,,-1.0,0.25,1,0.5506035685539246,positive
ENSG00000196549,,-1.0,1.0,1,0.5500651597976685,positive
ENSG00000118113,,,1.0,0,0.5493010878562927,drugged_safe
ENSG00000142731,,,0.5,0,0.5487738847732544,drugged_safe
ENSG00000145675,,-1.0,0.75,1,0.5483694672584534,positive
ENSG00000146399,,,0.75,0,0.5477269291877747,drugged_safe
ENSG00000050748,,-1.0,0.5,1,0.5465840697288513,positive
ENSG00000160255,,,1.0,0,0.5465179085731506,drugged_safe
ENSG00000109320,NFKB1,-1.0,0.75,1,0.5464315414428711,positive
ENSG00000113263,,,1.0,0,0.5461497902870178,drugged_safe
ENSG00000137275,,,0.5,0,0.5458129048347473,drugged_safe
ENSG00000164885,,,0.75,0,0.5447264313697815,drugged_safe
ENSG00000183873,,-1.0,1.0,1,0.54395592212677,positive
ENSG00000142319,,-1.0,1.0,1,0.5438932180404663,positive
ENSG00000019991,,-1.0,0.75,1,0.5438792705535889,positive
ENSG00000086991,,,0.5,0,0.5438198447227478,drugged_safe
ENSG00000142168,SOD1,,1.0,0,0.5434076189994812,drugged_safe
ENSG00000204305,,,0.75,0,0.5424535274505615,drugged_safe
ENSG00000134013,,,0.5,0,0.5421643257141113,drugged_safe
ENSG00000128602,SMO,,1.0,0,0.5416557192802429,drugged_safe
ENSG00000167434,,,1.0,0,0.541479229927063,drugged_safe
ENSG00000239732,,,1.0,0,0.541479229927063,drugged_safe
ENSG00000109991,,-1.0,1.0,1,0.5406374335289001,positive
ENSG00000131686,,,1.0,0,0.5405184626579285,drugged_safe
ENSG00000126266,,,0.75,0,0.5405104160308838,drugged_safe
ENSG00000150594,,-1.0,1.0,1,0.5405104160308838,positive
ENSG00000120251,,,1.0,0,0.5403280258178711,drugged_safe
ENSG00000104687,,-1.0,1.0,1,0.5402612090110779,positive
ENSG00000072062,,-1.0,0.25,1,0.5400657653808594,positive
ENSG00000142166,,,1.0,0,0.5397156476974487,drugged_safe
ENSG00000135333,,-1.0,1.0,1,0.5393372774124146,positive
ENSG00000244734,HBB,,1.0,0,0.5392503142356873,drugged_safe
ENSG00000143924,,,1.0,0,0.5390499234199524,drugged_safe
ENSG00000109163,,,1.0,0,0.5388378500938416,drugged_safe
ENSG00000106804,,,1.0,0,0.5387406945228577,drugged_safe
ENSG00000120915,,,0.5,0,0.5372197031974792,drugged_safe
ENSG00000258947,,,1.0,0,0.5370063185691833,drugged_safe
ENSG00000003436,,,1.0,0,0.5368592143058777,drugged_safe
ENSG00000101180,,,1.0,0,0.5364375114440918,drugged_safe
ENSG00000243649,,,1.0,0,0.536298930644989,drugged_safe
ENSG00000102755,FLT1,-1.0,1.0,1,0.5362898707389832,positive
ENSG00000137948,,,0.75,0,0.5360947251319885,drugged_safe
ENSG00000196776,,,0.75,0,0.5354465246200562,drugged_safe
ENSG00000147434,,,0.5,0,0.5353924632072449,drugged_safe
ENSG00000059758,,,0.5,0,0.5350048542022705,drugged_safe
ENSG00000213694,,,1.0,0,0.5349830985069275,drugged_safe
ENSG00000184156,,,1.0,0,0.5349260568618774,drugged_safe
ENSG00000100652,,-1.0,1.0,1,0.5349260568618774,positive
ENSG00000142208,AKT1,-1.0,1.0,1,0.5349059104919434,positive
ENSG00000168610,STAT3,-1.0,0.5,1,0.5349059104919434,positive
ENSG00000160791,,,1.0,0,0.5346004962921143,drugged_safe
ENSG00000139874,,,1.0,0,0.5342199206352234,drugged_safe
ENSG00000139567,,,0.5,0,0.5339395999908447,drugged_safe
ENSG00000140538,,,1.0,0,0.5339395999908447,drugged_safe
ENSG00000117298,,,0.5,0,0.5339395999908447,drugged_safe
ENSG00000132155,RAF1,-1.0,1.0,1,0.5339395999908447,positive
ENSG00000077782,FGFR1,-1.0,1.0,1,0.5339395999908447,positive
ENSG00000113721,,-1.0,1.0,1,0.5339395999908447,positive
ENSG00000186951,,-1.0,1.0,1,0.5339395999908447,positive
ENSG00000121966,,,1.0,0,0.5339395999908447,drugged_safe
ENSG00000010671,,-1.0,1.0,1,0.5335190892219543,positive
ENSG00000105329,TGFB1,-1.0,1.0,1,0.5326669216156006,positive
ENSG00000149452,,,1.0,0,0.5320949554443359,drugged_safe
ENSG00000068078,FGFR3,-1.0,1.0,1,0.5318624973297119,positive
ENSG00000107968,,,0.5,0,0.5318624973297119,drugged_safe
ENSG00000139625,,-1.0,0.75,1,0.5318624973297119,positive
ENSG00000174175,,-1.0,1.0,1,0.5316081643104553,positive
ENSG00000162989,,,1.0,0,0.5316081643104553,drugged_safe
ENSG00000125730,,-1.0,1.0,1,0.5312775373458862,positive
ENSG00000160191,,,1.0,0,0.5311374664306641,drugged_safe
ENSG00000198099,,,1.0,0,0.5310363173484802,drugged_safe
ENSG00000137193,,-1.0,0.25,1,0.5308367609977722,positive
ENSG00000125538,IL1B,-1.0,1.0,1,0.5306607484817505,positive
ENSG00000176884,,-1.0,1.0,1,0.5306607484817505,positive
ENSG00000166206,,-1.0,1.0,1,0.5306607484817505,positive
ENSG00000196876,,,1.0,0,0.5306607484817505,drugged_safe
ENSG00000196482,,-1.0,0.75,1,0.5306607484817505,positive
ENSG00000074181,,,0.5,0,0.5306607484817505,drugged_safe
ENSG00000169925,,,0.75,0,0.5304166674613953,drugged_safe
ENSG00000157103,,-1.0,1.0,1,0.5304166674613953,positive
ENSG00000108840,,,1.0,0,0.5304166674613953,drugged_safe
ENSG00000143365,,-1.0,0.25,1,0.5304166674613953,positive
ENSG00000115233,,,1.0,0,0.5304166674613953,drugged_safe
ENSG00000168539,,-1.0,1.0,1,0.5304166674613953,positive
ENSG00000077092,,-1.0,1.0,1,0.5304166674613953,positive
ENSG00000184588,,-1.0,1.0,1,0.5304166674613953,positive
ENSG00000067606,,,1.0,0,0.5304166674613953,drugged_safe
ENSG00000168748,,,1.0,0,0.5304166674613953,drugged_safe
ENSG00000080824,,,0.75,0,0.5304166674613953,drugged_safe
ENSG00000105723,,-1.0,1.0,1,0.5304166674613953,positive
ENSG00000155111,,,0.5,0,0.5301372408866882,drugged_safe
ENSG00000092969,,,1.0,0,0.5298720598220825,drugged_safe
ENSG00000278195,,,1.0,0,0.5292662382125854,drugged_safe
ENSG00000198822,,-1.0,0.75,1,0.5290598273277283,positive
ENSG00000171385,,,1.0,0,0.5288944244384766,drugged_safe
ENSG00000135744,,-1.0,0.5,1,0.5281731486320496,positive
ENSG00000115414,,,1.0,0,0.5281001329421997,drugged_safe
ENSG00000101981,,,1.0,0,0.5273454785346985,drugged_safe
ENSG00000085662,,,1.0,0,0.5269647240638733,drugged_safe
ENSG00000130816,DNMT1,,1.0,0,0.5263552069664001,drugged_safe
ENSG00000137252,,,1.0,0,0.5262757539749146,drugged_safe
ENSG00000101210,,,1.0,0,0.5260052680969238,drugged_safe
ENSG00000122420,,,1.0,0,0.5255092978477478,drugged_safe
ENSG00000105650,,,1.0,0,0.525483250617981,drugged_safe
ENSG00000126218,,,1.0,0,0.5254830718040466,drugged_safe
ENSG00000198734,,-1.0,1.0,1,0.5254830718040466,positive
ENSG00000069764,,,0.75,0,0.5254830718040466,drugged_safe
ENSG00000126934,,,1.0,0,0.5254390239715576,drugged_safe
ENSG00000137869,,-1.0,1.0,1,0.5253869295120239,positive
ENSG00000105810,CDK6,-1.0,1.0,1,0.5253579616546631,positive
ENSG00000143473,,,1.0,0,0.5252445340156555,drugged_safe
ENSG00000109861,,,0.75,0,0.5252348184585571,drugged_safe
ENSG00000129484,,,1.0,0,0.5252348184585571,drugged_safe
ENSG00000094631,,-1.0,1.0,1,0.5252348184585571,positive
ENSG00000117480,,-1.0,1.0,1,0.5252348184585571,positive
ENSG00000111319,,,1.0,0,0.5242723822593689,drugged_safe
ENSG00000132965,,,0.75,0,0.5239660739898682,drugged_safe
ENSG00000185624,,,1.0,0,0.5239660739898682,drugged_safe
ENSG00000147262,,,0.5,0,0.5238956809043884,drugged_safe
ENSG00000007908,,-1.0,0.75,1,0.5235439538955688,positive
ENSG00000082175,,-1.0,1.0,1,0.5233057141304016,positive
ENSG00000014257,,,0.75,0,0.5231730341911316,drugged_safe
ENSG00000138794,,,0.5,0,0.5228437781333923,drugged_safe
ENSG00000067182,,-1.0,0.25,1,0.5226960182189941,positive
ENSG00000111262,,,1.0,0,0.5226960182189941,drugged_safe
ENSG00000186716,,,1.0,0,0.5226597785949707,drugged_safe
ENSG00000102967,,,1.0,0,0.5222969055175781,drugged_safe
ENSG00000166483,,,0.5,0,0.522007942199707,drugged_safe
ENSG00000120217,CD274,,1.0,0,0.5218572020530701,drugged_safe
ENSG00000112541,,-1.0,1.0,1,0.5218572020530701,positive
ENSG00000138160,,,0.5,0,0.5218572020530701,drugged_safe
ENSG00000171560,FGA,,1.0,0,0.5217792987823486,drugged_safe
ENSG00000151623,,-1.0,1.0,1,0.5215117335319519,positive
ENSG00000133256,,,1.0,0,0.521067202091217,drugged_safe
ENSG00000112742,,,0.5,0,0.5209676027297974,drugged_safe
ENSG00000185000,,,0.75,0,0.5207854509353638,drugged_safe
ENSG00000170214,,-1.0,1.0,1,0.5207854509353638,positive
ENSG00000110148,,-1.0,1.0,1,0.5207854509353638,positive
ENSG00000137745,,-1.0,1.0,1,0.5207854509353638,positive
ENSG00000135318,,,0.75,0,0.5207854509353638,drugged_safe
ENSG00000158125,,-1.0,1.0,1,0.5207854509353638,positive
ENSG00000160951,,,1.0,0,0.5207854509353638,drugged_safe
ENSG00000134817,,,0.5,0,0.5207854509353638,drugged_safe
ENSG00000169432,,,1.0,0,0.5207854509353638,drugged_safe
ENSG00000189221,,-1.0,1.0,1,0.5207854509353638,positive
ENSG00000187486,,-1.0,1.0,1,0.5207854509353638,positive
ENSG00000115252,,,1.0,0,0.5207854509353638,drugged_safe
ENSG00000074416,,,0.5,0,0.5206846594810486,drugged_safe
ENSG00000154229,,-1.0,1.0,1,0.5198951959609985,positive
ENSG00000164082,,,0.75,0,0.519778311252594,drugged_safe
ENSG00000197891,,-1.0,1.0,1,0.5196930170059204,positive
ENSG00000167723,,,0.5,0,0.5196930170059204,drugged_safe
ENSG00000011677,,-1.0,1.0,1,0.5196930170059204,positive
ENSG00000173585,,,0.75,0,0.5196930170059204,drugged_safe
ENSG00000126583,,,1.0,0,0.5196930170059204,drugged_safe
ENSG00000114854,,,0.75,0,0.5195809602737427,drugged_safe
ENSG00000123454,,-1.0,0.5,1,0.5195809602737427,positive
ENSG00000145692,,,1.0,0,0.5195809602737427,drugged_safe
ENSG00000104368,,-1.0,1.0,1,0.5195809602737427,positive
ENSG00000080224,,,1.0,0,0.5188298225402832,drugged_safe
ENSG00000135519,,,1.0,0,0.5186859965324402,drugged_safe
ENSG00000077150,,,0.75,0,0.5179665684700012,drugged_safe
ENSG00000102096,,,0.25,0,0.5176859498023987,drugged_safe
ENSG00000124493,,,0.5,0,0.517217755317688,drugged_safe
ENSG00000257335,,,1.0,0,0.5171144604682922,drugged_safe
ENSG00000185313,,-1.0,1.0,1,0.516925573348999,positive
ENSG00000204681,,,1.0,0,0.5165514349937439,drugged_safe
ENSG00000115232,,,1.0,0,0.5165514349937439,drugged_safe
ENSG00000018625,,-1.0,1.0,1,0.5165514349937439,positive
ENSG00000125255,,-1.0,1.0,1,0.5165496468544006,positive
ENSG00000180772,,-1.0,0.5,1,0.5164262056350708,positive
ENSG00000164024,,,0.5,0,0.5163537263870239,drugged_safe
ENSG00000101213,,,1.0,0,0.5162059664726257,drugged_safe
ENSG00000138413,IDH1,,1.0,0,0.5161018371582031,drugged_safe
ENSG00000105737,,,1.0,0,0.5161018371582031,drugged_safe
ENSG00000101336,,,1.0,0,0.5161018371582031,drugged_safe
ENSG00000169313,,-1.0,1.0,1,0.5161018371582031,positive
ENSG00000120088,,,1.0,0,0.5161018371582031,drugged_safe
ENSG00000178999,,-1.0,0.75,1,0.5161018371582031,positive
ENSG00000132671,,,1.0,0,0.5161018371582031,drugged_safe
ENSG00000101204,,-1.0,1.0,1,0.5161018371582031,positive
ENSG00000140675,,,1.0,0,0.5161018371582031,drugged_safe
ENSG00000173273,,,0.5,0,0.5161018371582031,drugged_safe
ENSG00000144481,,,1.0,0,0.5161018371582031,drugged_safe
ENSG00000120907,,-1.0,1.0,1,0.5161018371582031,positive
ENSG00000177272,,,1.0,0,0.5161018371582031,drugged_safe
ENSG00000166736,,-1.0,1.0,1,0.5161018371582031,positive
ENSG00000169083,AR,-1.0,1.0,1,0.5161018371582031,positive
ENSG00000006071,,-1.0,1.0,1,0.5161018371582031,positive
ENSG00000185324,,,0.5,0,0.5159507989883423,drugged_safe
ENSG00000274286,,-1.0,1.0,1,0.5159507989883423,positive
ENSG00000004487,,,0.75,0,0.5159507989883423,drugged_safe
ENSG00000138448,,,1.0,0,0.5159507989883423,drugged_safe
ENSG00000196411,,,1.0,0,0.5159507989883423,drugged_safe
ENSG00000101266,,-1.0,0.5,1,0.5159507989883423,positive
ENSG00000167258,,,0.5,0,0.5159507989883423,drugged_safe
ENSG00000112062,,,0.75,0,0.5159507989883423,drugged_safe
ENSG00000171105,INSR,-1.0,1.0,1,0.5159507989883423,positive
ENSG00000111144,,,0.5,0,0.5156922936439514,drugged_safe
ENSG00000146648,EGFR,-1.0,1.0,1,0.5151364207267761,positive
ENSG00000104321,,,1.0,0,0.5150740146636963,drugged_safe
ENSG00000169047,,-1.0,0.5,1,0.5147454738616943,positive
ENSG00000095015,,,0.5,0,0.5147454738616943,drugged_safe
ENSG00000138685,,,0.75,0,0.5147454738616943,drugged_safe
ENSG00000163932,,-1.0,1.0,1,0.5147454738616943,positive
ENSG00000171759,,,1.0,0,0.5145561695098877,drugged_safe
ENSG00000080644,,-1.0,1.0,1,0.5143598318099976,positive
ENSG00000015520,,,1.0,0,0.5143598318099976,drugged_safe
ENSG00000099875,,,0.5,0,0.5143219232559204,drugged_safe
ENSG00000182866,,-1.0,1.0,1,0.5142658352851868,positive
ENSG00000125910,,,1.0,0,0.513683557510376,drugged_safe
ENSG00000159593,,,0.75,0,0.5133377313613892,drugged_safe
ENSG00000066230,,,1.0,0,0.513198971748352,drugged_safe
ENSG00000117266,,,0.5,0,0.5128021836280823,drugged_safe
ENSG00000171557,,,1.0,0,0.5127962827682495,drugged_safe
ENSG00000136244,IL6,-1.0,1.0,1,0.5127557516098022,positive
ENSG00000188778,,-1.0,1.0,1,0.5127543807029724,positive
ENSG00000071242,,,0.25,0,0.5123974680900574,drugged_safe
ENSG00000187266,,,1.0,0,0.5122259855270386,drugged_safe
ENSG00000105639,,,1.0,0,0.5122119188308716,drugged_safe
ENSG00000143839,,-1.0,1.0,1,0.5122119188308716,positive
ENSG00000182255,,,1.0,0,0.5109227895736694,drugged_safe
ENSG00000131471,,,0.5,0,0.5107361078262329,drugged_safe
ENSG00000196230,,,1.0,0,0.5100377798080444,drugged_safe
ENSG00000115825,,,1.0,0,0.5085057616233826,drugged_safe
ENSG00000145335,SNCA,,0.5,0,0.5084506273269653,drugged_safe
ENSG00000139842,,,1.0,0,0.5082728862762451,drugged_safe
ENSG00000152270,,-1.0,1.0,1,0.5082728862762451,positive
ENSG00000011485,,,0.5,0,0.5082728862762451,drugged_safe
ENSG00000158748,,-1.0,1.0,1,0.5075311660766602,positive
ENSG00000152086,,,1.0,0,0.5075311660766602,drugged_safe
ENSG00000149305,,-1.0,1.0,1,0.5075311660766602,positive
ENSG00000174990,,,1.0,0,0.5075311660766602,drugged_safe
ENSG00000145242,,-1.0,1.0,1,0.5075311660766602,positive
ENSG00000167941,,,1.0,0,0.5075311660766602,drugged_safe
ENSG00000198033,,,1.0,0,0.5075311660766602,drugged_safe
ENSG00000069696,,-1.0,1.0,1,0.5075236558914185,positive
ENSG00000153208,,,0.5,0,0.5075236558914185,drugged_safe
ENSG00000162009,,,1.0,0,0.5075236558914185,drugged_safe
ENSG00000166825,,,0.5,0,0.5075236558914185,drugged_safe
ENSG00000101916,,,0.5,0,0.5075236558914185,drugged_safe
ENSG00000198049,,,1.0,0,0.5075236558914185,drugged_safe
ENSG00000169403,,-1.0,1.0,1,0.5075236558914185,positive
ENSG00000178562,CD28,,0.5,0,0.5074610114097595,drugged_safe
ENSG00000262406,,,0.75,0,0.5071964263916016,drugged_safe
ENSG00000059377,,-1.0,1.0,1,0.5070539116859436,positive
ENSG00000101162,,,1.0,0,0.5070539116859436,drugged_safe
ENSG00000106258,,-1.0,1.0,1,0.5070539116859436,positive
ENSG00000163558,,,1.0,0,0.5068395137786865,drugged_safe
ENSG00000115419,,,0.5,0,0.5066962838172913,drugged_safe
ENSG00000197405,,-1.0,1.0,1,0.5066540837287903,positive
ENSG00000167397,,-1.0,1.0,1,0.5066388845443726,positive
ENSG00000112164,,-1.0,1.0,1,0.506412148475647,positive
ENSG00000163288,,,1.0,0,0.506412148475647,drugged_safe
ENSG00000133216,,-1.0,1.0,1,0.506412148475647,positive
ENSG00000104921,,,0.5,0,0.5058324933052063,drugged_safe
ENSG00000132840,,,1.0,0,0.5058324933052063,drugged_safe
ENSG00000188404,,,0.75,0,0.5057874321937561,drugged_safe
ENSG00000005339,CREBBP,,0.5,0,0.5057065486907959,drugged_safe
ENSG00000010310,,-1.0,1.0,1,0.5056454539299011,positive
ENSG00000086205,,-1.0,1.0,1,0.5054489970207214,positive
ENSG00000118972,,,1.0,0,0.5054489970207214,drugged_safe
ENSG00000102312,,,0.5,0,0.5054489970207214,drugged_safe
ENSG00000169676,,,1.0,0,0.5054489970207214,drugged_safe
ENSG00000109738,,,1.0,0,0.5054489970207214,drugged_safe
ENSG00000160716,,-1.0,1.0,1,0.5054489970207214,positive
ENSG00000129473,,,0.75,0,0.5053613185882568,drugged_safe
ENSG00000145864,,,1.0,0,0.5048791170120239,drugged_safe
ENSG00000177628,,,0.5,0,0.5048553347587585,drugged_safe
ENSG00000129749,,,0.75,0,0.5045595765113831,drugged_safe
ENSG00000120899,,,0.75,0,0.5043478608131409,drugged_safe
ENSG00000172572,,-1.0,1.0,1,0.5042479038238525,positive
ENSG00000136807,,,0.75,0,0.5040634274482727,drugged_safe
ENSG00000163131,,,0.5,0,0.5040615200996399,drugged_safe
ENSG00000137673,,-1.0,1.0,1,0.5036461353302002,positive
ENSG00000141506,,-1.0,0.75,1,0.5033915042877197,positive
ENSG00000168412,,,1.0,0,0.5032609105110168,drugged_safe
ENSG00000153956,,,1.0,0,0.5029405951499939,drugged_safe
ENSG00000107159,,,1.0,0,0.5028776526451111,drugged_safe
ENSG00000171189,,,1.0,0,0.5028776526451111,drugged_safe
ENSG00000171303,,,1.0,0,0.5028776526451111,drugged_safe
ENSG00000047936,,,1.0,0,0.5028776526451111,drugged_safe
ENSG00000136573,,,1.0,0,0.5028776526451111,drugged_safe
ENSG00000001626,CFTR,-1.0,1.0,1,0.5027985572814941,positive
ENSG00000113231,,,1.0,0,0.5025685429573059,drugged_safe
ENSG00000213906,,,0.75,0,0.5021821856498718,drugged_safe
ENSG00000147955,,-1.0,1.0,1,0.5021805763244629,positive
ENSG00000131981,,-1.0,0.5,1,0.501481294631958,positive
ENSG00000138823,,-1.0,1.0,1,0.5013290047645569,positive
ENSG00000165409,,-1.0,1.0,1,0.5013290047645569,positive
ENSG00000111275,,-1.0,1.0,1,0.5012192726135254,positive
ENSG00000092009,,,0.5,0,0.5009642839431763,drugged_safe
ENSG00000164307,,,0.5,0,0.5008739233016968,drugged_safe
ENSG00000114391,,,1.0,0,0.500607967376709,drugged_safe
ENSG00000117362,,,1.0,0,0.500607967376709,drugged_safe
ENSG00000181929,,-1.0,0.75,1,0.500607967376709,positive
ENSG00000130758,,,0.75,0,0.500265896320343,drugged_safe
ENSG00000074370,,,0.5,0,0.49991917610168457,drugged_safe
ENSG00000093010,,-1.0,1.0,1,0.4998326897621155,positive
ENSG00000133895,,,1.0,0,0.49941393733024597,drugged_safe
ENSG00000065675,,-1.0,1.0,1,0.4991971552371979,positive
ENSG00000204264,,,1.0,0,0.49883928894996643,drugged_safe
ENSG00000112294,,,1.0,0,0.49846211075782776,drugged_safe
ENSG00000134640,,-1.0,1.0,1,0.498330295085907,positive
ENSG00000168356,,,1.0,0,0.49790382385253906,drugged_safe
ENSG00000125675,,-1.0,1.0,1,0.49721524119377136,positive
ENSG00000135902,,,1.0,0,0.49709656834602356,drugged_safe
ENSG00000182674,,,1.0,0,0.4970727562904358,drugged_safe
ENSG00000021826,,,1.0,0,0.49657782912254333,drugged_safe
ENSG00000134250,,,0.5,0,0.4963672161102295,drugged_safe
ENSG00000171848,,,1.0,0,0.496052622795105,drugged_safe
ENSG00000240972,,,0.75,0,0.4959068298339844,drugged_safe
ENSG00000228716,,-1.0,1.0,1,0.4956817030906677,positive
ENSG00000100764,,,1.0,0,0.49513131380081177,drugged_safe
ENSG00000105605,,,1.0,0,0.49513131380081177,drugged_safe
ENSG00000121764,,,1.0,0,0.494930237531662,drugged_safe
ENSG00000170312,,-1.0,0.75,1,0.4947764277458191,positive
ENSG00000197901,,-1.0,1.0,1,0.49455147981643677,positive
ENSG00000082898,,-1.0,1.0,1,0.49455147981643677,positive
ENSG00000133742,,,1.0,0,0.49455147981643677,drugged_safe
ENSG00000135312,,-1.0,1.0,1,0.49455147981643677,positive
ENSG00000048052,,,1.0,0,0.49455147981643677,drugged_safe
ENSG00000068024,,,1.0,0,0.49455147981643677,drugged_safe
ENSG00000175535,,,1.0,0,0.49455147981643677,drugged_safe
ENSG00000067191,,,1.0,0,0.49455147981643677,drugged_safe
ENSG00000089685,,,0.5,0,0.49455147981643677,drugged_safe
ENSG00000157184,,,1.0,0,0.49455147981643677,drugged_safe
ENSG00000142875,,,0.25,0,0.49455147981643677,drugged_safe
ENSG00000154611,,,1.0,0,0.49455147981643677,drugged_safe
ENSG00000154269,,,0.5,0,0.49455147981643677,drugged_safe
ENSG00000089041,,-1.0,0.5,1,0.49455147981643677,positive
ENSG00000027075,,,1.0,0,0.49455147981643677,drugged_safe
ENSG00000187730,,,1.0,0,0.49455147981643677,drugged_safe
ENSG00000204389,,-1.0,0.75,1,0.4942567050457001,positive
ENSG00000111142,,,0.75,0,0.4941776394844055,drugged_safe
ENSG00000105464,,-1.0,1.0,1,0.4937642216682434,positive
ENSG00000053747,,,1.0,0,0.49365493655204773,drugged_safe
ENSG00000127533,,,0.5,0,0.49327215552330017,drugged_safe
ENSG00000179097,,,1.0,0,0.49327215552330017,drugged_safe
ENSG00000188822,,-1.0,0.5,1,0.49327215552330017,positive
ENSG00000176890,,-1.0,1.0,1,0.49327215552330017,positive
ENSG00000075073,,-1.0,0.75,1,0.49327215552330017,positive
ENSG00000084207,,-1.0,0.5,1,0.4926304519176483,positive
ENSG00000163655,,,0.75,0,0.49225255846977234,drugged_safe
ENSG00000182580,,,1.0,0,0.4919871985912323,drugged_safe
ENSG00000110721,,,0.25,0,0.49190089106559753,drugged_safe
ENSG00000150337,,,0.5,0,0.4917083978652954,drugged_safe
ENSG00000188389,PDCD1,,1.0,0,0.49166181683540344,drugged_safe
ENSG00000184845,,-1.0,1.0,1,0.4915800988674164,positive
ENSG00000006638,,-1.0,1.0,1,0.4915800988674164,positive
ENSG00000157219,,-1.0,1.0,1,0.491007924079895,positive
ENSG00000198355,,,0.25,0,0.4902993440628052,drugged_safe
ENSG00000165995,,,1.0,0,0.48964038491249084,drugged_safe
ENSG00000120659,,,1.0,0,0.48964038491249084,drugged_safe
ENSG00000148795,,,1.0,0,0.48942914605140686,drugged_safe
ENSG00000197894,,,1.0,0,0.4886009395122528,drugged_safe
ENSG00000105855,,,0.5,0,0.4885723888874054,drugged_safe
ENSG00000213281,,,0.5,0,0.48855432868003845,drugged_safe
ENSG00000170759,,,1.0,0,0.4880943298339844,drugged_safe
ENSG00000158104,,,1.0,0,0.48801130056381226,drugged_safe
ENSG00000179142,,,1.0,0,0.4877052307128906,drugged_safe
ENSG00000197561,,-1.0,1.0,1,0.48732632398605347,positive
ENSG00000088926,,-1.0,1.0,1,0.48732632398605347,positive
ENSG00000163285,,-1.0,1.0,1,0.487291157245636,positive
ENSG00000135605,,,1.0,0,0.48706671595573425,drugged_safe
ENSG00000163517,,,1.0,0,0.48706671595573425,drugged_safe
ENSG00000184160,,-1.0,1.0,1,0.48703187704086304,positive
ENSG00000100429,,,1.0,0,0.48652738332748413,drugged_safe
ENSG00000162711,,,0.5,0,0.4864594638347626,drugged_safe
ENSG00000140718,,-1.0,0.75,1,0.48642322421073914,positive
ENSG00000111537,IFNG,,1.0,0,0.4863734245300293,drugged_safe
ENSG00000119772,,,1.0,0,0.48631027340888977,drugged_safe
ENSG00000164116,,,1.0,0,0.48631027340888977,drugged_safe
ENSG00000115592,,-1.0,0.75,1,0.4861505925655365,positive
ENSG00000117971,,-1.0,1.0,1,0.4861505925655365,positive
ENSG00000213903,,-1.0,0.75,1,0.48611143231391907,positive
ENSG00000133105,,,0.75,0,0.4859844148159027,drugged_safe
ENSG00000105141,,,0.5,0,0.4859844148159027,drugged_safe
ENSG00000198431,,,1.0,0,0.4858020842075348,drugged_safe
ENSG00000077097,,,1.0,0,0.4856030344963074,drugged_safe
ENSG00000167986,,,1.0,0,0.4856030344963074,drugged_safe
ENSG00000087237,,-1.0,0.75,1,0.48522332310676575,positive
ENSG00000185386,,-1.0,1.0,1,0.4851197898387909,positive
ENSG00000102225,,,0.5,0,0.4851197898387909,drugged_safe
ENSG00000117676,,,0.25,0,0.4851197898387909,drugged_safe
ENSG00000198785,,-1.0,1.0,1,0.4850507974624634,positive
ENSG00000198668,,,1.0,0,0.48483121395111084,drugged_safe
ENSG00000185760,,-1.0,1.0,1,0.4848169982433319,positive
ENSG00000106128,,,1.0,0,0.48446789383888245,drugged_safe
ENSG00000124731,,,0.5,0,0.4844340980052948,drugged_safe
ENSG00000164344,,,1.0,0,0.4841947853565216,drugged_safe
ENSG00000100433,,,1.0,0,0.48409727215766907,drugged_safe
ENSG00000137875,,,0.75,0,0.48409727215766907,drugged_safe
ENSG00000186912,,,1.0,0,0.48409727215766907,drugged_safe
ENSG00000147257,,,0.5,0,0.4830610454082489,drugged_safe
ENSG00000117560,,,0.75,0,0.4830610454082489,drugged_safe
ENSG00000101665,,,0.75,0,0.4830610454082489,drugged_safe
ENSG00000184500,,,1.0,0,0.4830610454082489,drugged_safe
ENSG00000115718,,,1.0,0,0.48305726051330566,drugged_safe
ENSG00000110330,,,0.5,0,0.4825107753276825,drugged_safe
ENSG00000100804,,,1.0,0,0.48140692710876465,drugged_safe
ENSG00000061273,,,1.0,0,0.4811244010925293,drugged_safe
ENSG00000004948,,,1.0,0,0.4809209406375885,drugged_safe
ENSG00000131187,,,1.0,0,0.4809209406375885,drugged_safe
ENSG00000102001,,,1.0,0,0.4809209406375885,drugged_safe
ENSG00000204403,,,0.5,0,0.4808109700679779,drugged_safe
ENSG00000126067,,,1.0,0,0.48048824071884155,drugged_safe
ENSG00000107854,,,0.5,0,0.48048824071884155,drugged_safe
ENSG00000176105,,,1.0,0,0.48048824071884155,drugged_safe
ENSG00000257365,,,1.0,0,0.48048824071884155,drugged_safe
ENSG00000205268,,,1.0,0,0.4804130792617798,drugged_safe
ENSG00000222028,,,1.0,0,0.4800751209259033,drugged_safe
ENSG00000115705,,-1.0,1.0,1,0.4800751209259033,positive
ENSG00000101868,,,1.0,0,0.47995612025260925,drugged_safe
ENSG00000166006,,,1.0,0,0.4796605706214905,drugged_safe
ENSG00000100299,,,1.0,0,0.4796605706214905,drugged_safe
ENSG00000146242,,,0.5,0,0.4796605706214905,drugged_safe
ENSG00000196954,,-1.0,0.5,1,0.4796227216720581,positive
ENSG00000096384,,-1.0,0.75,1,0.47960105538368225,positive
ENSG00000074410,,,1.0,0,0.47951802611351013,drugged_safe
ENSG00000170175,,,1.0,0,0.47934070229530334,drugged_safe
ENSG00000106211,,,0.5,0,0.47934070229530334,drugged_safe
ENSG00000123992,,,0.5,0,0.4785911440849304,drugged_safe
ENSG00000105372,,,1.0,0,0.47854283452033997,drugged_safe
ENSG00000160868,CYP3A4,-1.0,1.0,1,0.47849041223526,positive
ENSG00000004799,,-1.0,0.75,1,0.47841888666152954,positive
ENSG00000142515,,,0.5,0,0.47833892703056335,drugged_safe
ENSG00000196616,,-1.0,1.0,1,0.47821399569511414,positive
ENSG00000187554,,,0.5,0,0.4780651330947876,drugged_safe
ENSG00000081237,,-1.0,0.5,1,0.4780258536338806,positive
ENSG00000127922,,,1.0,0,0.47790297865867615,drugged_safe
ENSG00000148154,,,1.0,0,0.47788098454475403,drugged_safe
ENSG00000171720,,-1.0,1.0,1,0.47788098454475403,positive
ENSG00000197766,,,1.0,0,0.47785189747810364,drugged_safe
ENSG00000143801,,,1.0,0,0.47732430696487427,drugged_safe
ENSG00000094755,,,1.0,0,0.4765339493751526,drugged_safe
ENSG00000102287,,,1.0,0,0.4765339493751526,drugged_safe
ENSG00000258643,,,0.75,0,0.4762051999568939,drugged_safe
ENSG00000130706,,,1.0,0,0.4761793613433838,drugged_safe
ENSG00000106991,,,0.75,0,0.47567594051361084,drugged_safe
ENSG00000108691,,-1.0,0.5,1,0.4754127264022827,positive
ENSG00000132681,,-1.0,1.0,1,0.4749392569065094,positive
ENSG00000211891,,,1.0,0,0.4748389720916748,drugged_safe
ENSG00000137080,,,0.5,0,0.4748389720916748,drugged_safe
ENSG00000197565,,,1.0,0,0.4748389720916748,drugged_safe
ENSG00000041982,,,0.5,0,0.4748389720916748,drugged_safe
ENSG00000138684,,,0.5,0,0.4748389720916748,drugged_safe
ENSG00000089692,,,1.0,0,0.4748389720916748,drugged_safe
ENSG00000146374,,,0.75,0,0.4748389720916748,drugged_safe
ENSG00000161955,,,0.75,0,0.4748389720916748,drugged_safe
ENSG00000050555,,,1.0,0,0.4748389720916748,drugged_safe
ENSG00000138792,,,0.75,0,0.4743109345436096,drugged_safe
ENSG00000073417,,,1.0,0,0.47429317235946655,drugged_safe
ENSG00000152818,,,0.5,0,0.47429317235946655,drugged_safe
ENSG00000138326,,,1.0,0,0.47429317235946655,drugged_safe
ENSG00000205155,,,1.0,0,0.47429317235946655,drugged_safe
ENSG00000149806,,,1.0,0,0.47429317235946655,drugged_safe
ENSG00000196611,,-1.0,1.0,1,0.4730970561504364,positive
ENSG00000196218,,-1.0,1.0,1,0.4724575877189636,positive
ENSG00000121361,,-1.0,1.0,1,0.4724575877189636,positive
ENSG00000172062,,,1.0,0,0.47245508432388306,drugged_safe
ENSG00000120457,,,1.0,0,0.4721924364566803,drugged_safe
ENSG00000080293,,,1.0,0,0.4716876745223999,drugged_safe
ENSG00000105146,,-1.0,0.5,1,0.471535861492157,positive
ENSG00000134470,,,1.0,0,0.4713808596134186,drugged_safe
ENSG00000158445,,,1.0,0,0.4713456332683563,drugged_safe
ENSG00000175591,,,1.0,0,0.47128885984420776,drugged_safe
ENSG00000078061,,,1.0,0,0.4707951247692108,drugged_safe
ENSG00000171509,,,0.75,0,0.47072550654411316,drugged_safe
ENSG00000160867,,,1.0,0,0.4705739915370941,drugged_safe
ENSG00000113070,,,0.25,0,0.4702230393886566,drugged_safe
ENSG00000118785,,,0.5,0,0.4702230393886566,drugged_safe
ENSG00000100311,,,0.75,0,0.4702230393886566,drugged_safe
ENSG00000184937,WT1,,0.75,0,0.4702230393886566,drugged_safe
ENSG00000130702,,,1.0,0,0.4702230393886566,drugged_safe
ENSG00000197386,HTT,,0.75,0,0.4700230062007904,drugged_safe
ENSG00000010610,CD4,,1.0,0,0.4699952006340027,drugged_safe
ENSG00000108443,,,0.5,0,0.4691239595413208,drugged_safe
ENSG00000019582,,,1.0,0,0.46886301040649414,drugged_safe
ENSG00000184371,,-1.0,0.5,1,0.46880456805229187,positive
ENSG00000182175,,,0.5,0,0.46880456805229187,drugged_safe
ENSG00000122641,,,1.0,0,0.46880456805229187,drugged_safe
ENSG00000168811,,-1.0,1.0,1,0.46880456805229187,positive
ENSG00000204262,,,1.0,0,0.46880456805229187,drugged_safe
ENSG00000163359,,,1.0,0,0.46880456805229187,drugged_safe
ENSG00000169031,,,1.0,0,0.46880456805229187,drugged_safe
ENSG00000124145,,,1.0,0,0.46880456805229187,drugged_safe
ENSG00000140545,,,0.25,0,0.46880456805229187,drugged_safe
ENSG00000164400,,,0.75,0,0.46880456805229187,drugged_safe
ENSG00000196739,,,1.0,0,0.46880456805229187,drugged_safe
ENSG00000183087,,,0.75,0,0.46880456805229187,drugged_safe
ENSG00000182871,,,1.0,0,0.46880456805229187,drugged_safe
ENSG00000188153,,,1.0,0,0.46880456805229187,drugged_safe
ENSG00000185499,,,0.75,0,0.46880456805229187,drugged_safe
ENSG00000173511,,-1.0,0.75,1,0.46880456805229187,positive
ENSG00000145839,,,0.5,0,0.46880456805229187,drugged_safe
ENSG00000110799,,,1.0,0,0.46880456805229187,drugged_safe
ENSG00000160323,,,1.0,0,0.46880456805229187,drugged_safe
ENSG00000058085,,,1.0,0,0.46880456805229187,drugged_safe
ENSG00000156345,,,0.5,0,0.46826171875,drugged_safe
ENSG00000177954,,,1.0,0,0.4681094288825989,drugged_safe
ENSG00000196296,,-1.0,0.5,1,0.4680822193622589,positive
ENSG00000177189,,-1.0,0.25,1,0.4680463671684265,positive
ENSG00000135077,,,0.75,0,0.467387855052948,drugged_safe
ENSG00000167965,,,0.5,0,0.46730682253837585,drugged_safe
ENSG00000084674,,-1.0,1.0,1,0.46706122159957886,positive
ENSG00000163599,CTLA4,-1.0,1.0,1,0.4668581485748291,positive
ENSG00000168918,,,0.75,0,0.4668581485748291,drugged_safe
ENSG00000136521,,,1.0,0,0.4668581485748291,drugged_safe
ENSG00000100385,,,1.0,0,0.4668581485748291,drugged_safe
ENSG00000123700,,,1.0,0,0.4668581485748291,drugged_safe
ENSG00000125356,,,1.0,0,0.4668581485748291,drugged_safe
ENSG00000134545,,,0.75,0,0.4668581485748291,drugged_safe
ENSG00000166136,,,1.0,0,0.4668581485748291,drugged_safe
ENSG00000070019,,,1.0,0,0.4668581485748291,drugged_safe
ENSG00000134962,,-1.0,0.5,1,0.4668581485748291,positive
ENSG00000101412,,-1.0,0.75,1,0.4668581485748291,positive
ENSG00000115286,,,1.0,0,0.4668581485748291,drugged_safe
ENSG00000159899,,,1.0,0,0.4668581485748291,drugged_safe
ENSG00000107165,,,0.5,0,0.4668581485748291,drugged_safe
ENSG00000148606,,,0.5,0,0.4668581485748291,drugged_safe
ENSG00000049249,,,0.75,0,0.4668581485748291,drugged_safe
ENSG00000119421,,,1.0,0,0.4668581485748291,drugged_safe
ENSG00000184983,,,1.0,0,0.4668581485748291,drugged_safe
ENSG00000145494,,,1.0,0,0.46655336022377014,drugged_safe
ENSG00000168065,,,1.0,0,0.4659574627876282,drugged_safe
ENSG00000097046,,,0.5,0,0.46590736508369446,drugged_safe
ENSG00000058091,,,0.5,0,0.4658055901527405,drugged_safe
ENSG00000154736,,,0.5,0,0.4656255841255188,drugged_safe
ENSG00000121989,,,1.0,0,0.4654017686843872,drugged_safe
ENSG00000100300,,-1.0,1.0,1,0.4651784598827362,positive
ENSG00000115758,,,1.0,0,0.46501827239990234,drugged_safe
ENSG00000107984,,,0.5,0,0.4648379981517792,drugged_safe
ENSG00000113389,,,0.75,0,0.46465200185775757,drugged_safe
ENSG00000116478,HDAC1,-1.0,1.0,1,0.4645805060863495,positive
ENSG00000203859,,,1.0,0,0.4644761383533478,drugged_safe
ENSG00000107562,,,0.5,0,0.46440064907073975,drugged_safe
ENSG00000113578,,,0.75,0,0.46323296427726746,drugged_safe
ENSG00000156973,,,1.0,0,0.4627710282802582,drugged_safe
ENSG00000171408,,,1.0,0,0.4627126455307007,drugged_safe
ENSG00000009724,,,0.75,0,0.46230798959732056,drugged_safe
ENSG00000068654,,,0.5,0,0.46151289343833923,drugged_safe
ENSG00000116133,,,1.0,0,0.4613642692565918,drugged_safe
ENSG00000005882,,,0.75,0,0.46120983362197876,drugged_safe
ENSG00000100097,,,0.5,0,0.4611237943172455,drugged_safe
ENSG00000125726,,,0.5,0,0.4608924686908722,drugged_safe
ENSG00000198840,,,1.0,0,0.4608924686908722,drugged_safe
ENSG00000172901,,,0.5,0,0.4608924686908722,drugged_safe
ENSG00000198838,,,1.0,0,0.4608924686908722,drugged_safe
ENSG00000054219,,,0.5,0,0.4608924686908722,drugged_safe
ENSG00000147123,,,1.0,0,0.4608924686908722,drugged_safe
ENSG00000006327,,,0.5,0,0.4608924686908722,drugged_safe
ENSG00000140990,,,1.0,0,0.4608924686908722,drugged_safe
ENSG00000129173,,,0.75,0,0.4608924686908722,drugged_safe
ENSG00000147381,,,1.0,0,0.4608924686908722,drugged_safe
ENSG00000185245,,,0.5,0,0.4608924686908722,drugged_safe
ENSG00000169442,,,1.0,0,0.4608924686908722,drugged_safe
ENSG00000156738,,,1.0,0,0.4608924686908722,drugged_safe
ENSG00000129159,,,1.0,0,0.4608924686908722,drugged_safe
ENSG00000136235,,,0.5,0,0.4608924686908722,drugged_safe
ENSG00000151366,,,1.0,0,0.4608924686908722,drugged_safe
ENSG00000143105,,,1.0,0,0.4608924686908722,drugged_safe
ENSG00000159128,,,1.0,0,0.4608924686908722,drugged_safe
ENSG00000062038,,,0.25,0,0.4608924686908722,drugged_safe
ENSG00000076706,,,0.25,0,0.4608924686908722,drugged_safe
ENSG00000278030,,,0.75,0,0.4608924686908722,drugged_safe
ENSG00000099866,,,0.75,0,0.4608924686908722,drugged_safe
ENSG00000131495,,,1.0,0,0.4608924686908722,drugged_safe
ENSG00000140015,,,1.0,0,0.4608924686908722,drugged_safe
ENSG00000276011,,,0.5,0,0.4607000946998596,drugged_safe
ENSG00000275914,,,0.5,0,0.4607000946998596,drugged_safe
ENSG00000187758,,,1.0,0,0.46065375208854675,drugged_safe
ENSG00000145545,,,1.0,0,0.4601803719997406,drugged_safe
ENSG00000160223,,,0.5,0,0.4598756730556488,drugged_safe
ENSG00000110944,,,1.0,0,0.45975998044013977,drugged_safe
ENSG00000180340,,,0.5,0,0.4596181809902191,drugged_safe
ENSG00000198886,,,1.0,0,0.45953482389450073,drugged_safe
ENSG00000164692,,,1.0,0,0.4593811333179474,drugged_safe
ENSG00000172175,,-1.0,1.0,1,0.4593666195869446,positive
ENSG00000099341,,,1.0,0,0.4593639075756073,drugged_safe
ENSG00000196262,,,1.0,0,0.4593246877193451,drugged_safe
ENSG00000049540,,,0.75,0,0.4589475393295288,drugged_safe
ENSG00000165059,,,0.25,0,0.4587893784046173,drugged_safe
ENSG00000146904,,-1.0,1.0,1,0.45767441391944885,positive
ENSG00000108298,,,1.0,0,0.45713338255882263,drugged_safe
ENSG00000205560,,,1.0,0,0.45713338255882263,drugged_safe
ENSG00000147403,,,1.0,0,0.45713338255882263,drugged_safe
ENSG00000142676,,,1.0,0,0.45713338255882263,drugged_safe
ENSG00000100567,,,1.0,0,0.45713338255882263,drugged_safe
ENSG00000198242,,,1.0,0,0.45713338255882263,drugged_safe
ENSG00000143947,,,1.0,0,0.45713338255882263,drugged_safe
ENSG00000105640,,,1.0,0,0.45713338255882263,drugged_safe
ENSG00000134419,,,1.0,0,0.45713338255882263,drugged_safe
ENSG00000142507,,,1.0,0,0.45713338255882263,drugged_safe
ENSG00000013275,,,1.0,0,0.45713338255882263,drugged_safe
ENSG00000063177,,,1.0,0,0.45713338255882263,drugged_safe
ENSG00000169239,,,1.0,0,0.45713338255882263,drugged_safe
ENSG00000164587,,,1.0,0,0.45713338255882263,drugged_safe
ENSG00000130255,,,1.0,0,0.45713338255882263,drugged_safe
ENSG00000167526,,,1.0,0,0.45713338255882263,drugged_safe
ENSG00000198034,,,1.0,0,0.45713338255882263,drugged_safe
ENSG00000182774,,,1.0,0,0.45713338255882263,drugged_safe
ENSG00000277893,,,1.0,0,0.4563685953617096,drugged_safe
ENSG00000074966,,,1.0,0,0.4562984108924866,drugged_safe
ENSG00000065989,,-1.0,1.0,1,0.45551156997680664,positive
ENSG00000087494,,,0.5,0,0.45549720525741577,drugged_safe
ENSG00000160882,,,1.0,0,0.4536578059196472,drugged_safe
ENSG00000154589,,,0.75,0,0.4531787037849426,drugged_safe
ENSG00000102393,,,1.0,0,0.45281216502189636,drugged_safe
ENSG00000010322,,,1.0,0,0.45246604084968567,drugged_safe
ENSG00000131791,,-1.0,0.75,1,0.45246604084968567,positive
ENSG00000105647,,-1.0,0.75,1,0.45182740688323975,positive
ENSG00000129521,,,1.0,0,0.45177432894706726,drugged_safe
ENSG00000127824,,,1.0,0,0.4515474736690521,drugged_safe
ENSG00000173327,,,0.75,0,0.45153382420539856,drugged_safe
ENSG00000164362,,,1.0,0,0.4513387978076935,drugged_safe
ENSG00000145777,,,1.0,0,0.45115378499031067,drugged_safe
ENSG00000162736,,,1.0,0,0.45097845792770386,drugged_safe
ENSG00000110680,,,1.0,0,0.4496193826198578,drugged_safe
ENSG00000177455,,,1.0,0,0.44871950149536133,drugged_safe
ENSG00000123384,,,0.75,0,0.44870826601982117,drugged_safe
ENSG00000198805,,,1.0,0,0.44857272505760193,drugged_safe
ENSG00000169194,,-1.0,1.0,1,0.44851556420326233,positive
ENSG00000205213,,,0.75,0,0.4479178488254547,drugged_safe
ENSG00000015413,,,1.0,0,0.4476696252822876,drugged_safe
ENSG00000136546,,,1.0,0,0.44760408997535706,drugged_safe
ENSG00000102539,,,0.75,0,0.44760408997535706,drugged_safe
ENSG00000168830,,,1.0,0,0.44760408997535706,drugged_safe
ENSG00000119699,,,1.0,0,0.4472638964653015,drugged_safe
ENSG00000110092,CCND1,-1.0,1.0,1,0.4472472667694092,positive
ENSG00000057252,,,1.0,0,0.4471191465854645,drugged_safe
ENSG00000169684,,-1.0,0.5,1,0.44574207067489624,positive
ENSG00000138379,,,0.75,0,0.44554561376571655,drugged_safe
ENSG00000166828,,,1.0,0,0.4450276792049408,drugged_safe
ENSG00000142541,,,1.0,0,0.4443778693675995,drugged_safe
ENSG00000164258,,,1.0,0,0.44431808590888977,drugged_safe
ENSG00000162244,,,1.0,0,0.44418829679489136,drugged_safe
ENSG00000021461,,,1.0,0,0.4435974955558777,drugged_safe
ENSG00000186795,,,1.0,0,0.44340983033180237,drugged_safe
ENSG00000206172,HBA1,-1.0,1.0,1,0.44247615337371826,positive
ENSG00000196126,,-1.0,0.75,1,0.44124341011047363,positive
ENSG00000105675,,,1.0,0,0.4400939643383026,drugged_safe
ENSG00000072274,,,0.75,0,0.43923598527908325,drugged_safe
ENSG00000072694,,,0.75,0,0.43913131952285767,drugged_safe
ENSG00000178467,,,1.0,0,0.4382670819759369,drugged_safe
ENSG00000122406,,,1.0,0,0.43790316581726074,drugged_safe
ENSG00000101323,,,1.0,0,0.4373418688774109,drugged_safe
ENSG00000189043,,,1.0,0,0.4373043477535248,drugged_safe
ENSG00000198695,,,1.0,0,0.4359634518623352,drugged_safe
ENSG00000198707,,,0.5,0,0.4359357953071594,drugged_safe
ENSG00000174343,,,0.75,0,0.43568167090415955,drugged_safe
ENSG00000139053,,,1.0,0,0.43498286604881287,drugged_safe
ENSG00000172270,,,0.75,0,0.43449288606643677,drugged_safe
ENSG00000261456,,,1.0,0,0.434120237827301,drugged_safe
ENSG00000048392,,,1.0,0,0.43307700753211975,drugged_safe
ENSG00000182256,,-1.0,1.0,1,0.43289992213249207,positive
ENSG00000165029,,,1.0,0,0.4317414164543152,drugged_safe
ENSG00000130414,,,1.0,0,0.4312608242034912,drugged_safe
ENSG00000137818,,,1.0,0,0.4306493401527405,drugged_safe
ENSG00000139572,,,0.5,0,0.4305967092514038,drugged_safe
ENSG00000145623,,,0.5,0,0.4303600490093231,drugged_safe
ENSG00000172809,,,1.0,0,0.4287417232990265,drugged_safe
ENSG00000158825,,-1.0,1.0,1,0.42767781019210815,positive
ENSG00000188229,,,1.0,0,0.4272705018520355,drugged_safe
ENSG00000197958,,,1.0,0,0.4272705018520355,drugged_safe
ENSG00000115221,,,0.75,0,0.4267583191394806,drugged_safe
ENSG00000180176,,-1.0,1.0,1,0.42611998319625854,positive
ENSG00000119535,,,1.0,0,0.4258994162082672,drugged_safe
ENSG00000182389,,,1.0,0,0.42581143975257874,drugged_safe
ENSG00000182326,,,1.0,0,0.42459750175476074,drugged_safe
ENSG00000007312,,,1.0,0,0.42424431443214417,drugged_safe
ENSG00000100368,,,1.0,0,0.4235587418079376,drugged_safe
ENSG00000132703,,,0.5,0,0.4235268235206604,drugged_safe
ENSG00000112964,,,1.0,0,0.42350172996520996,drugged_safe
ENSG00000104833,,,1.0,0,0.4230766296386719,drugged_safe
ENSG00000198900,,-1.0,1.0,1,0.4229508340358734,positive
ENSG00000106348,,-1.0,1.0,1,0.422786146402359,positive
ENSG00000111816,,,1.0,0,0.4222555458545685,drugged_safe
ENSG00000104848,,,1.0,0,0.4219832718372345,drugged_safe
ENSG00000196924,,,0.75,0,0.42185837030410767,drugged_safe
ENSG00000106144,,-1.0,0.5,1,0.4214780330657959,positive
ENSG00000221867,,,0.75,0,0.4209057688713074,drugged_safe
ENSG00000137285,,,1.0,0,0.42074117064476013,drugged_safe
ENSG00000081052,,,1.0,0,0.4206501245498657,drugged_safe
ENSG00000177301,,,1.0,0,0.420582115650177,drugged_safe
ENSG00000183044,,,1.0,0,0.42009079456329346,drugged_safe
ENSG00000248333,,,0.5,0,0.41902369260787964,drugged_safe
ENSG00000105695,,,0.5,0,0.41887205839157104,drugged_safe
ENSG00000132329,,,1.0,0,0.4172408878803253,drugged_safe
ENSG00000130598,,,0.75,0,0.4163936376571655,drugged_safe
ENSG00000178342,,,1.0,0,0.4160693883895874,drugged_safe
ENSG00000139193,,,0.5,0,0.4157179594039917,drugged_safe
ENSG00000137752,,-1.0,0.5,1,0.41409894824028015,positive
ENSG00000102245,,,0.75,0,0.414050817489624,drugged_safe
ENSG00000134460,,,1.0,0,0.4138295352458954,drugged_safe
ENSG00000061918,,,1.0,0,0.41350266337394714,drugged_safe
ENSG00000168522,,,1.0,0,0.4133518636226654,drugged_safe
ENSG00000160870,,-1.0,1.0,1,0.4128618538379669,positive
ENSG00000178127,,,1.0,0,0.41231945157051086,drugged_safe
ENSG00000036530,,,0.75,0,0.412118524312973,drugged_safe
ENSG00000185015,,,1.0,0,0.4113166034221649,drugged_safe
ENSG00000143217,,-1.0,1.0,1,0.41122666001319885,positive
ENSG00000176393,,,0.5,0,0.4104152321815491,drugged_safe
ENSG00000149131,,,1.0,0,0.41018107533454895,drugged_safe
ENSG00000112769,,,1.0,0,0.4100031852722168,drugged_safe
ENSG00000187764,,,0.5,0,0.40956854820251465,drugged_safe
ENSG00000145863,,-1.0,1.0,1,0.4090674817562103,positive
ENSG00000069849,,-1.0,1.0,1,0.408913791179657,positive
ENSG00000023330,,,1.0,0,0.40795978903770447,drugged_safe
ENSG00000138613,,,1.0,0,0.4065295159816742,drugged_safe
ENSG00000128917,,,0.5,0,0.40534764528274536,drugged_safe
ENSG00000073803,,,0.75,0,0.4051307439804077,drugged_safe
ENSG00000136810,,,0.5,0,0.40468764305114746,drugged_safe
ENSG00000187498,,,1.0,0,0.40440306067466736,drugged_safe
ENSG00000268089,,,1.0,0,0.40410494804382324,drugged_safe
ENSG00000180739,,,1.0,0,0.4038032293319702,drugged_safe
ENSG00000108671,,,1.0,0,0.40242457389831543,drugged_safe
ENSG00000215182,,,0.75,0,0.4023534655570984,drugged_safe
ENSG00000071082,,,1.0,0,0.40208500623703003,drugged_safe
ENSG00000186010,,,1.0,0,0.39931681752204895,drugged_safe
ENSG00000188536,,-1.0,1.0,1,0.3992796242237091,positive
ENSG00000089022,,-1.0,0.5,1,0.3987148404121399,positive
ENSG00000182782,,,0.5,0,0.39835941791534424,drugged_safe
ENSG00000082781,,,0.75,0,0.3981216549873352,drugged_safe
ENSG00000070886,,,1.0,0,0.3969265818595886,drugged_safe
ENSG00000205571,,,1.0,0,0.39687857031822205,drugged_safe
ENSG00000136937,,,0.75,0,0.3961494565010071,drugged_safe
ENSG00000007968,,,0.75,0,0.39585059881210327,drugged_safe
ENSG00000170458,,,0.5,0,0.39579975605010986,drugged_safe
ENSG00000160752,,-1.0,1.0,1,0.39577576518058777,positive
ENSG00000171855,,,0.75,0,0.3954620063304901,drugged_safe
ENSG00000008988,,,1.0,0,0.39483538269996643,drugged_safe
ENSG00000144713,,,1.0,0,0.39385494589805603,drugged_safe
ENSG00000164879,,,1.0,0,0.3922540247440338,drugged_safe
ENSG00000188379,,,0.75,0,0.3919585943222046,drugged_safe
ENSG00000116678,,-1.0,1.0,1,0.3916856646537781,positive
ENSG00000170889,,,1.0,0,0.3913945257663727,drugged_safe
ENSG00000198178,,,0.75,0,0.3908621370792389,drugged_safe
ENSG00000114013,,,1.0,0,0.3908621370792389,drugged_safe
ENSG00000056972,,-1.0,0.75,1,0.3899068236351013,positive
ENSG00000198755,,,1.0,0,0.3896885812282562,drugged_safe
ENSG00000110876,,,0.5,0,0.3882284462451935,drugged_safe
ENSG00000006116,,,1.0,0,0.3878593146800995,drugged_safe
ENSG00000149294,,,0.5,0,0.3874270021915436,drugged_safe
ENSG00000100479,,,1.0,0,0.3870737850666046,drugged_safe
ENSG00000173198,,,1.0,0,0.3867732882499695,drugged_safe
ENSG00000008018,,,1.0,0,0.38676315546035767,drugged_safe
ENSG00000159377,,,1.0,0,0.38676315546035767,drugged_safe
ENSG00000070915,,,1.0,0,0.3862985074520111,drugged_safe
ENSG00000239961,,,0.5,0,0.38576969504356384,drugged_safe
ENSG00000158864,,,1.0,0,0.38566285371780396,drugged_safe
ENSG00000186090,,,1.0,0,0.38469061255455017,drugged_safe
ENSG00000178084,,,1.0,0,0.38469061255455017,drugged_safe
ENSG00000090932,,,1.0,0,0.38425007462501526,drugged_safe
ENSG00000212907,,,1.0,0,0.3841092586517334,drugged_safe
ENSG00000132855,,,1.0,0,0.3840886354446411,drugged_safe
ENSG00000187010,,,0.5,0,0.383976548910141,drugged_safe
ENSG00000091972,,,0.5,0,0.3839403986930847,drugged_safe
ENSG00000066405,,,1.0,0,0.3838154673576355,drugged_safe
ENSG00000197728,,,1.0,0,0.38332074880599976,drugged_safe
ENSG00000169016,,,0.75,0,0.38306158781051636,drugged_safe
ENSG00000157445,,,1.0,0,0.38285353779792786,drugged_safe
ENSG00000143167,,,0.5,0,0.3825913667678833,drugged_safe
ENSG00000197616,,,1.0,0,0.38237273693084717,drugged_safe
ENSG00000149403,,,1.0,0,0.3807141184806824,drugged_safe
ENSG00000002549,,,0.5,0,0.37975093722343445,drugged_safe
ENSG00000167601,,-1.0,1.0,1,0.3793598413467407,positive
ENSG00000171564,,,1.0,0,0.3785625100135803,drugged_safe
ENSG00000163235,,-1.0,0.5,1,0.37753456830978394,positive
ENSG00000105383,,,1.0,0,0.376663476228714,drugged_safe
ENSG00000174444,,,1.0,0,0.3763008713722229,drugged_safe
ENSG00000129244,,-1.0,1.0,1,0.37560874223709106,positive
ENSG00000173826,,,1.0,0,0.37490570545196533,drugged_safe
ENSG00000197442,,-1.0,0.75,1,0.3747834265232086,positive
ENSG00000168447,,-1.0,1.0,1,0.37418031692504883,positive
ENSG00000132437,,-1.0,1.0,1,0.37414631247520447,positive
ENSG00000113525,,,1.0,0,0.37403494119644165,drugged_safe
ENSG00000183317,,,1.0,0,0.3739659786224365,drugged_safe
ENSG00000112116,,,1.0,0,0.3739659786224365,drugged_safe
ENSG00000062822,,,1.0,0,0.37364059686660767,drugged_safe
ENSG00000243480,,,1.0,0,0.3719845116138458,drugged_safe
ENSG00000137731,,,1.0,0,0.3719651997089386,drugged_safe
ENSG00000101182,,,1.0,0,0.3719022572040558,drugged_safe
ENSG00000140988,,,1.0,0,0.3719022572040558,drugged_safe
ENSG00000100316,,,1.0,0,0.3719022572040558,drugged_safe
ENSG00000072133,,,0.25,0,0.37183666229248047,drugged_safe
ENSG00000277734,,,0.75,0,0.3715972304344177,drugged_safe
ENSG00000089009,,,1.0,0,0.3712858259677887,drugged_safe
ENSG00000181408,,-1.0,0.5,1,0.3711659014225006,positive
ENSG00000211699,,,0.75,0,0.36926716566085815,drugged_safe
ENSG00000168418,,,1.0,0,0.36914727091789246,drugged_safe
ENSG00000172752,,,1.0,0,0.3674359619617462,drugged_safe
ENSG00000177885,,,0.5,0,0.3673394024372101,drugged_safe
ENSG00000198918,,,1.0,0,0.3670162260532379,drugged_safe
ENSG00000184752,,,1.0,0,0.36696404218673706,drugged_safe
ENSG00000175482,,,1.0,0,0.36696404218673706,drugged_safe
ENSG00000120738,,-1.0,0.5,1,0.36673295497894287,positive
ENSG00000206384,,,1.0,0,0.3665810525417328,drugged_safe
ENSG00000147604,,,1.0,0,0.36656755208969116,drugged_safe
ENSG00000091128,,,1.0,0,0.3658100664615631,drugged_safe
ENSG00000181847,,,0.75,0,0.36577653884887695,drugged_safe
ENSG00000125508,,,1.0,0,0.3650679588317871,drugged_safe
ENSG00000196083,,,1.0,0,0.36470240354537964,drugged_safe
ENSG00000114491,,-1.0,1.0,1,0.36462271213531494,positive
ENSG00000147684,,,1.0,0,0.36396366357803345,drugged_safe
ENSG00000163873,,-1.0,1.0,1,0.3636541962623596,positive
ENSG00000185664,,,1.0,0,0.36356619000434875,drugged_safe
ENSG00000139180,,,1.0,0,0.36315396428108215,drugged_safe
ENSG00000137070,,,1.0,0,0.3629198670387268,drugged_safe
ENSG00000215018,,,1.0,0,0.3629198670387268,drugged_safe
ENSG00000263761,,,0.75,0,0.36285725235939026,drugged_safe
ENSG00000123496,,,0.75,0,0.36247649788856506,drugged_safe
ENSG00000151062,,,1.0,0,0.3623506426811218,drugged_safe
ENSG00000137806,,,1.0,0,0.362122118473053,drugged_safe
ENSG00000169429,,-1.0,0.5,1,0.36212196946144104,positive
ENSG00000160654,,,1.0,0,0.36188510060310364,drugged_safe
ENSG00000211810,,,0.75,0,0.36188510060310364,drugged_safe
ENSG00000167653,,,0.5,0,0.36188510060310364,drugged_safe
ENSG00000159958,,,0.75,0,0.36176225543022156,drugged_safe
ENSG00000146143,,,1.0,0,0.36168718338012695,drugged_safe
ENSG00000108107,,,1.0,0,0.3616049289703369,drugged_safe
ENSG00000113851,,,1.0,0,0.36140426993370056,drugged_safe
ENSG00000143153,,-1.0,1.0,1,0.360516756772995,positive
ENSG00000091136,,,1.0,0,0.3604380190372467,drugged_safe
ENSG00000114270,,,1.0,0,0.3604380190372467,drugged_safe
ENSG00000103855,,,0.5,0,0.3603006601333618,drugged_safe
ENSG00000185010,F8,,1.0,0,0.36028948426246643,drugged_safe
ENSG00000213923,,-1.0,1.0,1,0.36005204916000366,positive
ENSG00000100902,,,1.0,0,0.35983169078826904,drugged_safe
ENSG00000083845,,,1.0,0,0.35983169078826904,drugged_safe
ENSG00000080573,,,1.0,0,0.3593321442604065,drugged_safe
ENSG00000147885,,,0.5,0,0.3587915599346161,drugged_safe
ENSG00000128039,,,1.0,0,0.3584117889404297,drugged_safe
ENSG00000213619,,,1.0,0,0.3584117889404297,drugged_safe
ENSG00000185231,,-1.0,1.0,1,0.3584117889404297,positive
ENSG00000106123,,,1.0,0,0.35794296860694885,drugged_safe
ENSG00000161057,,,1.0,0,0.3571571409702301,drugged_safe
ENSG00000091181,,,1.0,0,0.3563518226146698,drugged_safe
ENSG00000152256,,-1.0,0.75,1,0.3558915853500366,positive
ENSG00000204385,,,0.25,0,0.3558591604232788,drugged_safe
ENSG00000138814,,,1.0,0,0.35555458068847656,drugged_safe
ENSG00000106588,,,1.0,0,0.35546571016311646,drugged_safe
ENSG00000104894,,,0.5,0,0.35527166724205017,drugged_safe
ENSG00000108821,,-1.0,1.0,1,0.355148047208786,positive
ENSG00000118523,,,0.75,0,0.3551208972930908,drugged_safe
ENSG00000167244,,,0.5,0,0.3551208972930908,drugged_safe
ENSG00000148229,,,1.0,0,0.3550625145435333,drugged_safe
ENSG00000115159,,,1.0,0,0.3550625145435333,drugged_safe
ENSG00000133731,,,1.0,0,0.3546193838119507,drugged_safe
ENSG00000157240,,,0.5,0,0.3534415066242218,drugged_safe
ENSG00000163636,,,1.0,0,0.3531821370124817,drugged_safe
ENSG00000115310,,,0.5,0,0.35286977887153625,drugged_safe
ENSG00000131724,,,0.75,0,0.35286977887153625,drugged_safe
ENSG00000082482,,,1.0,0,0.35239917039871216,drugged_safe
ENSG00000173213,,-1.0,0.5,1,0.35194364190101624,positive
ENSG00000256713,,,1.0,0,0.35194364190101624,drugged_safe
ENSG00000109971,,,0.75,0,0.3516353368759155,drugged_safe
ENSG00000164308,,,0.5,0,0.3516353368759155,drugged_safe
ENSG00000161016,,,1.0,0,0.3516353368759155,drugged_safe
ENSG00000089157,,,1.0,0,0.3516353368759155,drugged_safe
ENSG00000003400,,-1.0,0.5,1,0.3516353368759155,positive
ENSG00000196344,,-1.0,1.0,1,0.3515169024467468,positive
ENSG00000102057,,,1.0,0,0.3513214588165283,drugged_safe
ENSG00000165891,,-1.0,0.75,1,0.35114291310310364,positive
ENSG00000275546,,,0.5,0,0.3511388301849365,drugged_safe
ENSG00000113302,,,1.0,0,0.3508533239364624,drugged_safe
ENSG00000119888,,,1.0,0,0.35071805119514465,drugged_safe
ENSG00000122026,,,1.0,0,0.3504702150821686,drugged_safe
ENSG00000213741,,,1.0,0,0.3504702150821686,drugged_safe
ENSG00000124614,,,1.0,0,0.3504702150821686,drugged_safe
ENSG00000107317,,,1.0,0,0.3503058850765228,drugged_safe
ENSG00000130595,,,0.75,0,0.3498258888721466,drugged_safe
ENSG00000168542,,-1.0,1.0,1,0.3498258888721466,positive
ENSG00000184216,,,1.0,0,0.3490746319293976,drugged_safe
ENSG00000160194,,,1.0,0,0.3489043116569519,drugged_safe
ENSG00000119013,,,1.0,0,0.3489043116569519,drugged_safe
ENSG00000231679,,-1.0,0.5,1,0.3487664759159088,positive
ENSG00000292332,,,1.0,0,0.34845706820487976,drugged_safe
ENSG00000120235,,,0.5,0,0.3484364151954651,drugged_safe
ENSG00000147873,,,0.5,0,0.3484364151954651,drugged_safe
ENSG00000197919,,,0.5,0,0.3484364151954651,drugged_safe
ENSG00000067992,,,0.75,0,0.34807640314102173,drugged_safe
ENSG00000167792,,,1.0,0,0.3472250699996948,drugged_safe
ENSG00000101017,,-1.0,0.5,1,0.3468959629535675,positive
ENSG00000104689,,,0.5,0,0.34674909710884094,drugged_safe
ENSG00000168653,,,1.0,0,0.34627586603164673,drugged_safe
ENSG00000243646,,,0.75,0,0.3457522988319397,drugged_safe
ENSG00000133740,,,0.75,0,0.34545353055000305,drugged_safe
ENSG00000027697,,,1.0,0,0.3452078104019165,drugged_safe
ENSG00000078814,,,1.0,0,0.34517303109169006,drugged_safe
ENSG00000163600,,,0.75,0,0.34426555037498474,drugged_safe
ENSG00000214042,,,0.5,0,0.3431367874145508,drugged_safe
ENSG00000134058,,-1.0,0.75,1,0.3419318199157715,positive
ENSG00000167658,,,1.0,0,0.3418522775173187,drugged_safe
ENSG00000106327,,,0.75,0,0.34184661507606506,drugged_safe
ENSG00000185483,,,0.75,0,0.34179139137268066,drugged_safe
ENSG00000265681,,,1.0,0,0.34159398078918457,drugged_safe
ENSG00000131469,,,1.0,0,0.34159398078918457,drugged_safe
ENSG00000229117,,,1.0,0,0.34159398078918457,drugged_safe
ENSG00000163682,,,1.0,0,0.34159398078918457,drugged_safe
ENSG00000174748,,,1.0,0,0.34159398078918457,drugged_safe
ENSG00000145425,,,1.0,0,0.34159398078918457,drugged_safe
ENSG00000125691,,,1.0,0,0.34159398078918457,drugged_safe
ENSG00000090266,,,1.0,0,0.3411361575126648,drugged_safe
ENSG00000165264,,,1.0,0,0.3411361575126648,drugged_safe
ENSG00000077238,,,1.0,0,0.34041282534599304,drugged_safe
ENSG00000165916,,,1.0,0,0.34004488587379456,drugged_safe
ENSG00000164794,,,1.0,0,0.3398212194442749,drugged_safe
ENSG00000123416,,,1.0,0,0.33959445357322693,drugged_safe
ENSG00000142534,,,1.0,0,0.33959445357322693,drugged_safe
ENSG00000161970,,,1.0,0,0.33959445357322693,drugged_safe
ENSG00000145592,,,1.0,0,0.33959445357322693,drugged_safe
ENSG00000141424,,,0.5,0,0.33955875039100647,drugged_safe
ENSG00000101986,,,1.0,0,0.3390445411205292,drugged_safe
ENSG00000102854,,,0.5,0,0.3388044536113739,drugged_safe
ENSG00000197170,,,1.0,0,0.338633269071579,drugged_safe
ENSG00000103035,,,1.0,0,0.338633269071579,drugged_safe
ENSG00000135862,,,1.0,0,0.33857253193855286,drugged_safe
ENSG00000186038,,,1.0,0,0.33854320645332336,drugged_safe
ENSG00000004779,,,1.0,0,0.3383557200431824,drugged_safe
ENSG00000184611,,,1.0,0,0.33802080154418945,drugged_safe
ENSG00000168028,,,1.0,0,0.33733388781547546,drugged_safe
ENSG00000198216,,,1.0,0,0.3366278409957886,drugged_safe
ENSG00000134871,,,1.0,0,0.3363862633705139,drugged_safe
ENSG00000129824,,,1.0,0,0.3361692428588867,drugged_safe
ENSG00000108039,,,0.5,0,0.33539512753486633,drugged_safe
ENSG00000100387,,-1.0,1.0,1,0.3350885510444641,positive
ENSG00000102524,,,1.0,0,0.3344612121582031,drugged_safe
ENSG00000138735,,-1.0,1.0,1,0.3341381549835205,positive
ENSG00000120885,,,0.75,0,0.3339363634586334,drugged_safe
ENSG00000154188,,,0.75,0,0.33339670300483704,drugged_safe
ENSG00000060718,,,1.0,0,0.33339670300483704,drugged_safe
ENSG00000130635,,,1.0,0,0.33339670300483704,drugged_safe
ENSG00000150630,,,0.75,0,0.33227434754371643,drugged_safe
ENSG00000117461,,,0.75,0,0.33089205622673035,drugged_safe
ENSG00000013725,,,0.75,0,0.33025315403938293,drugged_safe
ENSG00000172156,,-1.0,0.5,1,0.33025315403938293,positive
ENSG00000159110,,,1.0,0,0.33025315403938293,drugged_safe
ENSG00000111321,,,0.25,0,0.33018335700035095,drugged_safe
ENSG00000108091,,,1.0,0,0.33002832531929016,drugged_safe
ENSG00000114503,,,0.75,0,0.32951822876930237,drugged_safe
ENSG00000204388,,,0.75,0,0.3291855454444885,drugged_safe
ENSG00000163251,,,0.5,0,0.3291257619857788,drugged_safe
ENSG00000127318,,,0.5,0,0.3286239504814148,drugged_safe
ENSG00000089558,,,1.0,0,0.3285907506942749,drugged_safe
ENSG00000184408,,,1.0,0,0.3285907506942749,drugged_safe
ENSG00000155760,,,0.5,0,0.3276221454143524,drugged_safe
ENSG00000137033,,,0.75,0,0.32720378041267395,drugged_safe
ENSG00000116251,,,1.0,0,0.32689356803894043,drugged_safe
ENSG00000014138,,,1.0,0,0.32643094658851624,drugged_safe
ENSG00000167286,,,1.0,0,0.3260027766227722,drugged_safe
ENSG00000119630,,,1.0,0,0.32576629519462585,drugged_safe
ENSG00000170017,,,0.5,0,0.3250415623188019,drugged_safe
ENSG00000122679,,,1.0,0,0.32467320561408997,drugged_safe
ENSG00000139626,,,1.0,0,0.32467320561408997,drugged_safe
ENSG00000063176,,,0.5,0,0.323274165391922,drugged_safe
ENSG00000006210,,,0.5,0,0.3230082094669342,drugged_safe
ENSG00000174417,,,1.0,0,0.3223279118537903,drugged_safe
ENSG00000151079,,,1.0,0,0.32210811972618103,drugged_safe
ENSG00000142173,,,1.0,0,0.32089489698410034,drugged_safe
ENSG00000185291,,,1.0,0,0.32082611322402954,drugged_safe
ENSG00000091879,,,1.0,0,0.32051217555999756,drugged_safe
ENSG00000173692,,,1.0,0,0.3201603591442108,drugged_safe
ENSG00000109158,,-1.0,1.0,1,0.31794536113739014,positive
ENSG00000137267,,,1.0,0,0.31680312752723694,drugged_safe
ENSG00000196236,,,0.5,0,0.3167079985141754,drugged_safe
ENSG00000164647,,,0.5,0,0.3167079985141754,drugged_safe
ENSG00000215440,,,0.5,0,0.3167079985141754,drugged_safe
ENSG00000172878,,,0.5,0,0.3167079985141754,drugged_safe
ENSG00000076662,,,0.5,0,0.3167079985141754,drugged_safe
ENSG00000160808,,,1.0,0,0.3167079985141754,drugged_safe
ENSG00000106631,,,1.0,0,0.3163212835788727,drugged_safe
ENSG00000026025,,,0.5,0,0.31372198462486267,drugged_safe
ENSG00000197646,,,0.25,0,0.31025397777557373,drugged_safe
ENSG00000136634,IL10,-1.0,0.5,1,0.30723002552986145,positive
ENSG00000196569,,,1.0,0,0.3060722351074219,drugged_safe
ENSG00000025708,,-1.0,1.0,1,0.3052903711795807,positive
ENSG00000137154,,,1.0,0,0.30483925342559814,drugged_safe
ENSG00000269858,,,1.0,0,0.3041110038757324,drugged_safe
ENSG00000175634,,,0.5,0,0.30241966247558594,drugged_safe
ENSG00000120949,,,1.0,0,0.3011646568775177,drugged_safe
ENSG00000198947,DMD,,1.0,0,0.3003380596637726,drugged_safe
ENSG00000165806,,,0.5,0,0.2984878718852997,drugged_safe
ENSG00000250506,,,0.5,0,0.29790475964546204,drugged_safe
ENSG00000017427,,-1.0,0.5,1,0.2925267517566681,positive
ENSG00000164136,,,0.5,0,0.29096439480781555,drugged_safe
ENSG00000079277,,,0.5,0,0.2905576825141907,drugged_safe
ENSG00000081051,,,0.5,0,0.2885918617248535,drugged_safe
ENSG00000169245,,-1.0,0.5,1,0.2883048355579376,positive
ENSG00000177663,,,1.0,0,0.2876631021499634,drugged_safe
ENSG00000065325,,,1.0,0,0.28425127267837524,drugged_safe
ENSG00000101680,,,1.0,0,0.2820368707180023,drugged_safe
ENSG00000167325,,-1.0,1.0,1,0.27862897515296936,positive
ENSG00000112306,,,1.0,0,0.27653443813323975,drugged_safe
ENSG00000111245,,,1.0,0,0.2757560908794403,drugged_safe
ENSG00000136930,,,1.0,0,0.2750740349292755,drugged_safe
ENSG00000189403,,,0.75,0,0.2729913592338562,drugged_safe
ENSG00000114859,,,1.0,0,0.27238842844963074,drugged_safe
ENSG00000163217,,,0.75,0,0.27208495140075684,drugged_safe
ENSG00000131473,,-1.0,1.0,1,0.27193111181259155,positive
ENSG00000140459,,,1.0,0,0.27140966057777405,drugged_safe
ENSG00000150782,,,0.75,0,0.2696435749530792,drugged_safe
ENSG00000159164,,,1.0,0,0.26714104413986206,drugged_safe
ENSG00000125266,,,0.5,0,0.2670242488384247,drugged_safe
ENSG00000074319,,,0.25,0,0.26622918248176575,drugged_safe
ENSG00000116824,,,1.0,0,0.2661736309528351,drugged_safe
ENSG00000100462,,,0.5,0,0.2657061815261841,drugged_safe
ENSG00000106628,,,1.0,0,0.2636455297470093,drugged_safe
ENSG00000041880,,,1.0,0,0.2626468539237976,drugged_safe
ENSG00000087191,,,1.0,0,0.2624981701374054,drugged_safe
ENSG00000136942,,,1.0,0,0.26236042380332947,drugged_safe
ENSG00000167535,,,1.0,0,0.2614673972129822,drugged_safe
ENSG00000104870,,,1.0,0,0.2609409987926483,drugged_safe
ENSG00000160932,,,0.25,0,0.26032859086990356,drugged_safe
ENSG00000198502,,,0.5,0,0.2588852047920227,drugged_safe
ENSG00000220205,,,1.0,0,0.25640255212783813,drugged_safe
ENSG00000177084,,,1.0,0,0.2559428811073303,drugged_safe
ENSG00000122121,,-1.0,0.5,1,0.2556697428226471,positive
ENSG00000171863,,,1.0,0,0.2530507743358612,drugged_safe
ENSG00000176014,,,1.0,0,0.2527351677417755,drugged_safe
ENSG00000160712,,-1.0,1.0,1,0.2526834011077881,positive
ENSG00000204248,,,1.0,0,0.2507365047931671,drugged_safe
ENSG00000132639,,,1.0,0,0.25037625432014465,drugged_safe
ENSG00000079459,,,0.75,0,0.24853730201721191,drugged_safe
ENSG00000100519,,,1.0,0,0.2480475753545761,drugged_safe
ENSG00000171858,,,1.0,0,0.24653083086013794,drugged_safe
ENSG00000131477,,,1.0,0,0.2451285570859909,drugged_safe
ENSG00000161638,,,0.75,0,0.24432136118412018,drugged_safe
ENSG00000182333,,,1.0,0,0.243211567401886,drugged_safe
ENSG00000117586,,,0.75,0,0.23583747446537018,drugged_safe
ENSG00000184033,,,0.5,0,0.23168602585792542,drugged_safe
ENSG00000172889,,,0.5,0,0.23114512860774994,drugged_safe
ENSG00000198851,,,1.0,0,0.23079901933670044,drugged_safe
ENSG00000041357,,,1.0,0,0.23067545890808105,drugged_safe
ENSG00000257743,,,1.0,0,0.23003283143043518,drugged_safe
ENSG00000151892,,,0.5,0,0.22889529168605804,drugged_safe
ENSG00000227507,,-1.0,0.5,1,0.22767122089862823,positive
ENSG00000129084,,,1.0,0,0.22558443248271942,drugged_safe
ENSG00000101846,,,0.5,0,0.22284294664859772,drugged_safe
ENSG00000074803,,,1.0,0,0.2218421995639801,drugged_safe
ENSG00000188641,,-1.0,0.75,1,0.21904097497463226,positive
ENSG00000233816,,,0.5,0,0.2183036208152771,drugged_safe
ENSG00000205250,,,0.75,0,0.21795032918453217,drugged_safe
ENSG00000108878,,,1.0,0,0.21452206373214722,drugged_safe
ENSG00000115598,,,1.0,0,0.2142019420862198,drugged_safe
ENSG00000143106,,,1.0,0,0.21342766284942627,drugged_safe
ENSG00000277443,,,0.5,0,0.2111034095287323,drugged_safe
ENSG00000119866,,,1.0,0,0.21083006262779236,drugged_safe
ENSG00000166441,,,1.0,0,0.2088138312101364,drugged_safe
ENSG00000167553,,,1.0,0,0.20809245109558105,drugged_safe
ENSG00000241343,,,1.0,0,0.20797482132911682,drugged_safe
ENSG00000075461,,,1.0,0,0.20666959881782532,drugged_safe
ENSG00000130433,,,1.0,0,0.2055409848690033,drugged_safe
ENSG00000115884,,,0.5,0,0.20493316650390625,drugged_safe
ENSG00000204291,,,1.0,0,0.20493316650390625,drugged_safe
ENSG00000203747,,,0.75,0,0.2045617550611496,drugged_safe
ENSG00000196878,,,1.0,0,0.20389442145824432,drugged_safe
ENSG00000183960,,,1.0,0,0.20340405404567719,drugged_safe
ENSG00000110245,,-1.0,1.0,1,0.20311874151229858,positive
ENSG00000198056,,,1.0,0,0.20161566138267517,drugged_safe
ENSG00000159352,,,1.0,0,0.20155516266822815,drugged_safe
ENSG00000115604,,,0.5,0,0.20102494955062866,drugged_safe
ENSG00000241186,,-1.0,0.25,1,0.1985495239496231,positive
ENSG00000267855,,,1.0,0,0.1979600191116333,drugged_safe
ENSG00000141505,,,0.5,0,0.1972654014825821,drugged_safe
ENSG00000105697,,,0.25,0,0.19499248266220093,drugged_safe
ENSG00000169783,,,0.5,0,0.19242696464061737,drugged_safe
ENSG00000233927,,,1.0,0,0.19157519936561584,drugged_safe
ENSG00000125498,,,0.5,0,0.19143123924732208,drugged_safe
ENSG00000198223,,,1.0,0,0.18861129879951477,drugged_safe
ENSG00000168263,,,1.0,0,0.18852785229682922,drugged_safe
ENSG00000112242,,,0.75,0,0.18753379583358765,drugged_safe
ENSG00000277791,,,1.0,0,0.18749813735485077,drugged_safe
ENSG00000113575,,-1.0,0.5,1,0.1860172152519226,positive
ENSG00000152402,,,1.0,0,0.1855885088443756,drugged_safe
ENSG00000120889,,,0.75,0,0.1854136884212494,drugged_safe
ENSG00000181222,,-1.0,0.5,1,0.18428248167037964,positive
ENSG00000124882,,,0.5,0,0.1838732808828354,drugged_safe
ENSG00000167552,,,1.0,0,0.18209224939346313,drugged_safe
ENSG00000105388,,,1.0,0,0.17959198355674744,drugged_safe
ENSG00000172037,,,1.0,0,0.17769326269626617,drugged_safe
ENSG00000181143,,-1.0,1.0,1,0.17587000131607056,positive
ENSG00000188846,,,1.0,0,0.17575021088123322,drugged_safe
ENSG00000149273,,,1.0,0,0.17551177740097046,drugged_safe
ENSG00000170745,,,1.0,0,0.17510986328125,drugged_safe
ENSG00000113520,,-1.0,0.5,1,0.17177696526050568,positive
ENSG00000115008,,-1.0,0.75,1,0.17119941115379333,positive
ENSG00000186891,,,0.5,0,0.17106392979621887,drugged_safe
ENSG00000147168,,,1.0,0,0.17033517360687256,drugged_safe
ENSG00000110717,,,1.0,0,0.1701403260231018,drugged_safe
ENSG00000077514,,,1.0,0,0.16981753706932068,drugged_safe
ENSG00000026559,,,1.0,0,0.16969549655914307,drugged_safe
ENSG00000174807,,,0.5,0,0.16933326423168182,drugged_safe
ENSG00000240403,,,0.5,0,0.16925737261772156,drugged_safe
ENSG00000075429,,,1.0,0,0.16784194111824036,drugged_safe
ENSG00000234829,,,0.5,0,0.1659214347600937,drugged_safe
ENSG00000185436,,,0.75,0,0.16452746093273163,drugged_safe
ENSG00000162891,,,0.5,0,0.1639726608991623,drugged_safe
ENSG00000186827,,,0.75,0,0.16316941380500793,drugged_safe
ENSG00000099795,,,1.0,0,0.16157974302768707,drugged_safe
ENSG00000023228,,,1.0,0,0.16157816350460052,drugged_safe
ENSG00000115486,,,1.0,0,0.16061702370643616,drugged_safe
ENSG00000292357,,,1.0,0,0.16047559678554535,drugged_safe
ENSG00000278731,,,0.5,0,0.16047559678554535,drugged_safe
ENSG00000174886,,,1.0,0,0.1603337824344635,drugged_safe
ENSG00000242950,,,0.5,0,0.1597893387079239,drugged_safe
ENSG00000227357,,,0.5,0,0.1590619832277298,drugged_safe
ENSG00000121594,,,1.0,0,0.15875577926635742,drugged_safe
ENSG00000125735,,,0.5,0,0.1584528386592865,drugged_safe
ENSG00000131398,,,1.0,0,0.1583220511674881,drugged_safe
ENSG00000104695,,,0.5,0,0.15777409076690674,drugged_safe
ENSG00000115602,,,0.75,0,0.15584918856620789,drugged_safe
ENSG00000116745,,,1.0,0,0.15553247928619385,drugged_safe
ENSG00000198336,,,1.0,0,0.15411178767681122,drugged_safe
ENSG00000065518,,,1.0,0,0.15389101207256317,drugged_safe
ENSG00000239697,,,0.5,0,0.1535806506872177,drugged_safe
ENSG00000026751,,,1.0,0,0.15126502513885498,drugged_safe
ENSG00000110448,,,0.5,0,0.1512502282857895,drugged_safe
ENSG00000203710,,,0.5,0,0.15123224258422852,drugged_safe
ENSG00000141564,,-1.0,0.5,1,0.15096727013587952,positive
ENSG00000175899,,,1.0,0,0.15077078342437744,drugged_safe
ENSG00000228083,,,0.5,0,0.15014515817165375,drugged_safe
ENSG00000211452,,-1.0,1.0,1,0.1501241773366928,positive
ENSG00000120242,,,0.5,0,0.14971189200878143,drugged_safe
ENSG00000186009,,,1.0,0,0.14836865663528442,drugged_safe
ENSG00000156482,,,1.0,0,0.14803656935691833,drugged_safe
ENSG00000268651,,,0.5,0,0.14797532558441162,drugged_safe
ENSG00000236637,,,0.5,0,0.14539751410484314,drugged_safe
ENSG00000276731,,,0.5,0,0.14536568522453308,drugged_safe
ENSG00000275407,,,0.5,0,0.14536568522453308,drugged_safe
ENSG00000092054,,,1.0,0,0.14483961462974548,drugged_safe
ENSG00000105366,,,0.75,0,0.14479467272758484,drugged_safe
ENSG00000109390,,,1.0,0,0.14451639354228973,drugged_safe
ENSG00000124134,,,1.0,0,0.14419855177402496,drugged_safe
ENSG00000198670,,-1.0,0.75,1,0.14316876232624054,positive
ENSG00000142512,,,0.75,0,0.14314323663711548,drugged_safe
ENSG00000123201,,,1.0,0,0.14296694099903107,drugged_safe
ENSG00000148303,,,1.0,0,0.14151670038700104,drugged_safe
ENSG00000172955,,,1.0,0,0.1408635526895523,drugged_safe
ENSG00000243772,,,0.5,0,0.1400628685951233,drugged_safe
ENSG00000186803,,,0.5,0,0.13992661237716675,drugged_safe
ENSG00000198763,,,1.0,0,0.13898682594299316,drugged_safe
ENSG00000122012,,,0.75,0,0.13887928426265717,drugged_safe
ENSG00000108344,,,1.0,0,0.13826647400856018,drugged_safe
ENSG00000198888,,-1.0,1.0,1,0.1350860893726349,positive
ENSG00000198786,,,1.0,0,0.1350860893726349,drugged_safe
ENSG00000101470,,,0.75,0,0.13364142179489136,drugged_safe
ENSG00000164182,,,1.0,0,0.13355596363544464,drugged_safe
ENSG00000183648,,,1.0,0,0.13136936724185944,drugged_safe
ENSG00000118181,,,1.0,0,0.1311248391866684,drugged_safe
ENSG00000111291,,,1.0,0,0.13060614466667175,drugged_safe
ENSG00000110700,,,1.0,0,0.13052253425121307,drugged_safe
ENSG00000185627,,,1.0,0,0.12843859195709229,drugged_safe
ENSG00000048462,,,1.0,0,0.12841668725013733,drugged_safe
ENSG00000143297,,,0.25,0,0.12823137640953064,drugged_safe
ENSG00000162975,,,1.0,0,0.12687577307224274,drugged_safe
ENSG00000105193,,,1.0,0,0.1267707794904709,drugged_safe
ENSG00000110324,,,0.75,0,0.12469957023859024,drugged_safe
ENSG00000156486,,,1.0,0,0.12248876690864563,drugged_safe
ENSG00000184292,,,1.0,0,0.1217224970459938,drugged_safe
ENSG00000175166,,,1.0,0,0.12106102705001831,drugged_safe
ENSG00000142156,,,1.0,0,0.12085559219121933,drugged_safe
ENSG00000186468,,,1.0,0,0.12071262300014496,drugged_safe
ENSG00000128609,,,1.0,0,0.12068543583154678,drugged_safe
ENSG00000170906,,,1.0,0,0.12068543583154678,drugged_safe
ENSG00000123545,,,1.0,0,0.11990075558423996,drugged_safe
ENSG00000178057,,,1.0,0,0.11990075558423996,drugged_safe
ENSG00000164509,,,1.0,0,0.11909862607717514,drugged_safe
ENSG00000185518,,,0.75,0,0.11568109691143036,drugged_safe
ENSG00000185633,,,1.0,0,0.1096629798412323,drugged_safe
ENSG00000171502,,,1.0,0,0.10954426229000092,drugged_safe
ENSG00000142677,,,0.5,0,0.10757938027381897,drugged_safe
ENSG00000109475,,,1.0,0,0.10500267148017883,drugged_safe
ENSG00000115268,,,1.0,0,0.10414910316467285,drugged_safe
ENSG00000171126,,,1.0,0,0.10359834879636765,drugged_safe
ENSG00000128059,,,1.0,0,0.10177342593669891,drugged_safe
ENSG00000115607,,,0.5,0,0.10013221204280853,drugged_safe
ENSG00000177283,,,0.5,0,0.09899386763572693,drugged_safe
ENSG00000148120,,,0.5,0,0.09665346890687943,drugged_safe
ENSG00000182899,,,1.0,0,0.09324214607477188,drugged_safe
ENSG00000116396,,,1.0,0,0.0919627994298935,drugged_safe
ENSG00000197756,,,1.0,0,0.08817145228385925,drugged_safe
ENSG00000142327,,,0.5,0,0.08441857248544693,drugged_safe
ENSG00000142937,,,1.0,0,0.07885085046291351,drugged_safe
ENSG00000231500,,,1.0,0,0.07278728485107422,drugged_safe
